,ad_c_display_id,ad_c_display_initiative_id,ad_c_display_host_page_url,ad_c_display_time_on_page,ad_c_display_impression,ad_c_display_click,ad_c_display_updated_by,ad_c_display_created_time,ad_c_display_created_by,ad_c_display_updated_time
0,ACDI50c2e82ddd503,IN50c2e82ddd503,TikTok.com,788,0,0,User,2022-04-16,User,2022-04-26
1,ACDI50c2e82ddd501,IN50c2e82ddd501,Facebook.com,17591,1,1,User,2020-08-06,User,2020-08-14
2,ACDI50c2e82ddd503,IN50c2e82ddd503,TikTok.com,788,0,0,User,2022-04-16,User,2022-04-26
3,ACDI50c2e82ddd501,IN50c2e82ddd501,Facebook.com,17591,1,1,User,2020-08-06,User,2020-08-14
4,ACDI50c2e82ddd503,IN50c2e82ddd503,TikTok.com,788,0,0,User,2022-04-16,User,2022-04-26
5,ACDI50c2e82ddd500,IN50c2e82ddd500,Snapchat.com,18496,1,0,User,2022-03-04,User,2022-03-05
6,ACDI50c2e82ddd502,IN50c2e82ddd502,Twitter.com,5514,1,1,User,2020-04-19,User,2020-04-25
7,ACDI50c2e82ddd501,IN50c2e82ddd501,Facebook.com,17591,1,1,User,2020-08-06,User,2020-08-14
8,ACDI50c2e82ddd503,IN50c2e82ddd503,TikTok.com,788,0,0,User,2022-04-16,User,2022-04-26
9,ACDI50c2e82ddd500,IN50c2e82ddd500,Snapchat.com,18496,1,0,User,2022-03-04,User,2022-03-05
10,ACDI50c2e82ddd503,IN50c2e82ddd503,TikTok.com,788,0,0,User,2022-04-16,User,2022-04-26
11,ACDI50c2e82ddd500,IN50c2e82ddd500,Snapchat.com,18496,1,0,User,2022-03-04,User,2022-03-05
12,ACDI50c2e82ddd503,IN50c2e82ddd503,TikTok.com,788,0,0,User,2022-04-16,User,2022-04-26
13,ACDI50c2e82ddd501,IN50c2e82ddd501,Facebook.com,17591,1,1,User,2020-08-06,User,2020-08-14
14,ACDI50c2e82ddd500,IN50c2e82ddd500,Snapchat.com,18496,1,0,User,2022-03-04,User,2022-03-05
15,ACDI50c2e82ddd500,IN50c2e82ddd500,Snapchat.com,18496,1,0,User,2022-03-04,User,2022-03-05
16,ACDI50c2e82ddd503,IN50c2e82ddd503,TikTok.com,788,0,0,User,2022-04-16,User,2022-04-26
17,ACDI50c2e82ddd503,IN50c2e82ddd503,TikTok.com,788,0,0,User,2022-04-16,User,2022-04-26
18,ACDI50c2e82ddd501,IN50c2e82ddd501,Facebook.com,17591,1,1,User,2020-08-06,User,2020-08-14
19,ACDI50c2e82ddd503,IN50c2e82ddd503,TikTok.com,788,0,0,User,2022-04-16,User,2022-04-26
20,ACDI50c2e82ddd500,IN50c2e82ddd500,Snapchat.com,18496,1,0,User,2022-03-04,User,2022-03-05
21,ACDI50c2e82ddd503,IN50c2e82ddd503,TikTok.com,788,0,0,User,2022-04-16,User,2022-04-26
22,ACDI50c2e82ddd501,IN50c2e82ddd501,Facebook.com,17591,1,1,User,2020-08-06,User,2020-08-14
23,ACDI50c2e82ddd501,IN50c2e82ddd501,Facebook.com,17591,1,1,User,2020-08-06,User,2020-08-14
24,ACDI50c2e82ddd500,IN50c2e82ddd500,Snapchat.com,18496,1,0,User,2022-03-04,User,2022-03-05
25,ACDI50c2e82ddd500,IN50c2e82ddd500,Snapchat.com,18496,1,0,User,2022-03-04,User,2022-03-05
26,ACDI50c2e82ddd501,IN50c2e82ddd501,Facebook.com,17591,1,1,User,2020-08-06,User,2020-08-14
27,ACDI50c2e82ddd503,IN50c2e82ddd503,TikTok.com,788,0,0,User,2022-04-16,User,2022-04-26
28,ACDI50c2e82ddd501,IN50c2e82ddd501,Facebook.com,17591,1,1,User,2020-08-06,User,2020-08-14
29,ACDI50c2e82ddd500,IN50c2e82ddd500,Snapchat.com,18496,1,0,User,2022-03-04,User,2022-03-05
30,ACDI50c2e82ddd500,IN50c2e82ddd500,Snapchat.com,18496,1,0,User,2022-03-04,User,2022-03-05
31,ACDI50c2e82ddd500,IN50c2e82ddd500,Snapchat.com,18496,1,0,User,2022-03-04,User,2022-03-05
32,ACDI50c2e82ddd500,IN50c2e82ddd500,Snapchat.com,18496,1,0,User,2022-03-04,User,2022-03-05
33,ACDI50c2e82ddd501,IN50c2e82ddd501,Facebook.com,17591,1,1,User,2020-08-06,User,2020-08-14
34,ACDI50c2e82ddd503,IN50c2e82ddd503,TikTok.com,788,0,0,User,2022-04-16,User,2022-04-26
35,ACDI50c2e82ddd500,IN50c2e82ddd500,Snapchat.com,18496,1,0,User,2022-03-04,User,2022-03-05
36,ACDI50c2e82ddd503,IN50c2e82ddd503,TikTok.com,788,0,0,User,2022-04-16,User,2022-04-26
37,ACDI50c2e82ddd501,IN50c2e82ddd501,Facebook.com,17591,1,1,User,2020-08-06,User,2020-08-14
38,ACDI50c2e82ddd500,IN50c2e82ddd500,Snapchat.com,18496,1,0,User,2022-03-04,User,2022-03-05
39,ACDI50c2e82ddd503,IN50c2e82ddd503,TikTok.com,788,0,0,User,2022-04-16,User,2022-04-26
40,ACDI50c2e82ddd501,IN50c2e82ddd501,Facebook.com,17591,1,1,User,2020-08-06,User,2020-08-14
41,ACDI50c2e82ddd501,IN50c2e82ddd501,Facebook.com,17591,1,1,User,2020-08-06,User,2020-08-14
42,ACDI50c2e82ddd502,IN50c2e82ddd502,Twitter.com,5514,1,1,User,2020-04-19,User,2020-04-25
43,ACDI50c2e82ddd501,IN50c2e82ddd501,Facebook.com,17591,1,1,User,2020-08-06,User,2020-08-14
44,ACDI50c2e82ddd500,IN50c2e82ddd500,Snapchat.com,18496,1,0,User,2022-03-04,User,2022-03-05
45,ACDI50c2e82ddd502,IN50c2e82ddd502,Twitter.com,5514,1,1,User,2020-04-19,User,2020-04-25
46,ACDI50c2e82ddd501,IN50c2e82ddd501,Facebook.com,17591,1,1,User,2020-08-06,User,2020-08-14
47,ACDI50c2e82ddd500,IN50c2e82ddd500,Snapchat.com,18496,1,0,User,2022-03-04,User,2022-03-05
48,ACDI50c2e82ddd500,IN50c2e82ddd500,Snapchat.com,18496,1,0,User,2022-03-04,User,2022-03-05
49,ACDI50c2e82ddd502,IN50c2e82ddd502,Twitter.com,5514,1,1,User,2020-04-19,User,2020-04-25
50,ACDI50c2e82ddd501,IN50c2e82ddd501,Facebook.com,17591,1,1,User,2020-08-06,User,2020-08-14
51,ACDI50c2e82ddd500,IN50c2e82ddd500,Snapchat.com,18496,1,0,User,2022-03-04,User,2022-03-05
52,ACDI50c2e82ddd502,IN50c2e82ddd502,Twitter.com,5514,1,1,User,2020-04-19,User,2020-04-25
53,ACDI50c2e82ddd503,IN50c2e82ddd503,TikTok.com,788,0,0,User,2022-04-16,User,2022-04-26
54,ACDI50c2e82ddd500,IN50c2e82ddd500,Snapchat.com,18496,1,0,User,2022-03-04,User,2022-03-05
55,ACDI50c2e82ddd500,IN50c2e82ddd500,Snapchat.com,18496,1,0,User,2022-03-04,User,2022-03-05
56,ACDI50c2e82ddd502,IN50c2e82ddd502,Twitter.com,5514,1,1,User,2020-04-19,User,2020-04-25
57,ACDI50c2e82ddd503,IN50c2e82ddd503,TikTok.com,788,0,0,User,2022-04-16,User,2022-04-26
58,ACDI50c2e82ddd502,IN50c2e82ddd502,Twitter.com,5514,1,1,User,2020-04-19,User,2020-04-25
59,ACDI50c2e82ddd503,IN50c2e82ddd503,TikTok.com,788,0,0,User,2022-04-16,User,2022-04-26
60,ACDI50c2e82ddd501,IN50c2e82ddd501,Facebook.com,17591,1,1,User,2020-08-06,User,2020-08-14
61,ACDI50c2e82ddd502,IN50c2e82ddd502,Twitter.com,5514,1,1,User,2020-04-19,User,2020-04-25
62,ACDI50c2e82ddd503,IN50c2e82ddd503,TikTok.com,788,0,0,User,2022-04-16,User,2022-04-26
63,ACDI50c2e82ddd503,IN50c2e82ddd503,TikTok.com,788,0,0,User,2022-04-16,User,2022-04-26
64,ACDI50c2e82ddd501,IN50c2e82ddd501,Facebook.com,17591,1,1,User,2020-08-06,User,2020-08-14
65,ACDI50c2e82ddd501,IN50c2e82ddd501,Facebook.com,17591,1,1,User,2020-08-06,User,2020-08-14
66,ACDI50c2e82ddd500,IN50c2e82ddd500,Snapchat.com,18496,1,0,User,2022-03-04,User,2022-03-05
67,ACDI50c2e82ddd502,IN50c2e82ddd502,Twitter.com,5514,1,1,User,2020-04-19,User,2020-04-25
68,ACDI50c2e82ddd500,IN50c2e82ddd500,Snapchat.com,18496,1,0,User,2022-03-04,User,2022-03-05
69,ACDI50c2e82ddd501,IN50c2e82ddd501,Facebook.com,17591,1,1,User,2020-08-06,User,2020-08-14
70,ACDI50c2e82ddd503,IN50c2e82ddd503,TikTok.com,788,0,0,User,2022-04-16,User,2022-04-26
71,ACDI50c2e82ddd502,IN50c2e82ddd502,Twitter.com,5514,1,1,User,2020-04-19,User,2020-04-25
72,ACDI50c2e82ddd503,IN50c2e82ddd503,TikTok.com,788,0,0,User,2022-04-16,User,2022-04-26
73,ACDI50c2e82ddd502,IN50c2e82ddd502,Twitter.com,5514,1,1,User,2020-04-19,User,2020-04-25
74,ACDI50c2e82ddd500,IN50c2e82ddd500,Snapchat.com,18496,1,0,User,2022-03-04,User,2022-03-05
75,ACDI50c2e82ddd503,IN50c2e82ddd503,TikTok.com,788,0,0,User,2022-04-16,User,2022-04-26
76,ACDI50c2e82ddd500,IN50c2e82ddd500,Snapchat.com,18496,1,0,User,2022-03-04,User,2022-03-05
77,ACDI50c2e82ddd502,IN50c2e82ddd502,Twitter.com,5514,1,1,User,2020-04-19,User,2020-04-25
78,ACDI50c2e82ddd503,IN50c2e82ddd503,TikTok.com,788,0,0,User,2022-04-16,User,2022-04-26
79,ACDI50c2e82ddd502,IN50c2e82ddd502,Twitter.com,5514,1,1,User,2020-04-19,User,2020-04-25
80,ACDI50c2e82ddd501,IN50c2e82ddd501,Facebook.com,17591,1,1,User,2020-08-06,User,2020-08-14
81,ACDI50c2e82ddd500,IN50c2e82ddd500,Snapchat.com,18496,1,0,User,2022-03-04,User,2022-03-05
82,ACDI50c2e82ddd503,IN50c2e82ddd503,TikTok.com,788,0,0,User,2022-04-16,User,2022-04-26
83,ACDI50c2e82ddd502,IN50c2e82ddd502,Twitter.com,5514,1,1,User,2020-04-19,User,2020-04-25
84,ACDI50c2e82ddd501,IN50c2e82ddd501,Facebook.com,17591,1,1,User,2020-08-06,User,2020-08-14
85,ACDI50c2e82ddd502,IN50c2e82ddd502,Twitter.com,5514,1,1,User,2020-04-19,User,2020-04-25
86,ACDI50c2e82ddd500,IN50c2e82ddd500,Snapchat.com,18496,1,0,User,2022-03-04,User,2022-03-05
87,ACDI50c2e82ddd501,IN50c2e82ddd501,Facebook.com,17591,1,1,User,2020-08-06,User,2020-08-14
88,ACDI50c2e82ddd501,IN50c2e82ddd501,Facebook.com,17591,1,1,User,2020-08-06,User,2020-08-14
89,ACDI50c2e82ddd500,IN50c2e82ddd500,Snapchat.com,18496,1,0,User,2022-03-04,User,2022-03-05
90,ACDI50c2e82ddd500,IN50c2e82ddd500,Snapchat.com,18496,1,0,User,2022-03-04,User,2022-03-05
91,ACDI50c2e82ddd501,IN50c2e82ddd501,Facebook.com,17591,1,1,User,2020-08-06,User,2020-08-14
92,ACDI50c2e82ddd503,IN50c2e82ddd503,TikTok.com,788,0,0,User,2022-04-16,User,2022-04-26
93,ACDI50c2e82ddd503,IN50c2e82ddd503,TikTok.com,788,0,0,User,2022-04-16,User,2022-04-26
94,ACDI50c2e82ddd503,IN50c2e82ddd503,TikTok.com,788,0,0,User,2022-04-16,User,2022-04-26
95,ACDI50c2e82ddd502,IN50c2e82ddd502,Twitter.com,5514,1,1,User,2020-04-19,User,2020-04-25
96,ACDI50c2e82ddd500,IN50c2e82ddd500,Snapchat.com,18496,1,0,User,2022-03-04,User,2022-03-05
97,ACDI50c2e82ddd500,IN50c2e82ddd500,Snapchat.com,18496,1,0,User,2022-03-04,User,2022-03-05
98,ACDI50c2e82ddd502,IN50c2e82ddd502,Twitter.com,5514,1,1,User,2020-04-19,User,2020-04-25
99,ACDI50c2e82ddd502,IN50c2e82ddd502,Twitter.com,5514,1,1,User,2020-04-19,User,2020-04-25
100,ACDI50c2e82ddd501,IN50c2e82ddd501,Facebook.com,17591,1,1,User,2020-08-06,User,2020-08-14
101,ACDI50c2e82ddd503,IN50c2e82ddd503,TikTok.com,788,0,0,User,2022-04-16,User,2022-04-26
102,ACDI50c2e82ddd502,IN50c2e82ddd502,Twitter.com,5514,1,1,User,2020-04-19,User,2020-04-25
103,ACDI50c2e82ddd501,IN50c2e82ddd501,Facebook.com,17591,1,1,User,2020-08-06,User,2020-08-14
104,ACDI50c2e82ddd500,IN50c2e82ddd500,Snapchat.com,18496,1,0,User,2022-03-04,User,2022-03-05
105,ACDI50c2e82ddd501,IN50c2e82ddd501,Facebook.com,17591,1,1,User,2020-08-06,User,2020-08-14
106,ACDI50c2e82ddd503,IN50c2e82ddd503,TikTok.com,788,0,0,User,2022-04-16,User,2022-04-26
107,ACDI50c2e82ddd502,IN50c2e82ddd502,Twitter.com,5514,1,1,User,2020-04-19,User,2020-04-25
108,ACDI50c2e82ddd501,IN50c2e82ddd501,Facebook.com,17591,1,1,User,2020-08-06,User,2020-08-14
109,ACDI50c2e82ddd502,IN50c2e82ddd502,Twitter.com,5514,1,1,User,2020-04-19,User,2020-04-25
110,ACDI50c2e82ddd501,IN50c2e82ddd501,Facebook.com,17591,1,1,User,2020-08-06,User,2020-08-14
111,ACDI50c2e82ddd502,IN50c2e82ddd502,Twitter.com,5514,1,1,User,2020-04-19,User,2020-04-25
112,ACDI50c2e82ddd500,IN50c2e82ddd500,Snapchat.com,18496,1,0,User,2022-03-04,User,2022-03-05
113,ACDI50c2e82ddd502,IN50c2e82ddd502,Twitter.com,5514,1,1,User,2020-04-19,User,2020-04-25
114,ACDI50c2e82ddd501,IN50c2e82ddd501,Facebook.com,17591,1,1,User,2020-08-06,User,2020-08-14
115,ACDI50c2e82ddd500,IN50c2e82ddd500,Snapchat.com,18496,1,0,User,2022-03-04,User,2022-03-05
116,ACDI50c2e82ddd502,IN50c2e82ddd502,Twitter.com,5514,1,1,User,2020-04-19,User,2020-04-25
117,ACDI50c2e82ddd500,IN50c2e82ddd500,Snapchat.com,18496,1,0,User,2022-03-04,User,2022-03-05
118,ACDI50c2e82ddd502,IN50c2e82ddd502,Twitter.com,5514,1,1,User,2020-04-19,User,2020-04-25
119,ACDI50c2e82ddd501,IN50c2e82ddd501,Facebook.com,17591,1,1,User,2020-08-06,User,2020-08-14
120,ACDI50c2e82ddd503,IN50c2e82ddd503,TikTok.com,788,0,0,User,2022-04-16,User,2022-04-26
121,ACDI50c2e82ddd503,IN50c2e82ddd503,TikTok.com,788,0,0,User,2022-04-16,User,2022-04-26
122,ACDI50c2e82ddd501,IN50c2e82ddd501,Facebook.com,17591,1,1,User,2020-08-06,User,2020-08-14
123,ACDI50c2e82ddd500,IN50c2e82ddd500,Snapchat.com,18496,1,0,User,2022-03-04,User,2022-03-05
124,ACDI50c2e82ddd501,IN50c2e82ddd501,Facebook.com,17591,1,1,User,2020-08-06,User,2020-08-14
125,ACDI50c2e82ddd500,IN50c2e82ddd500,Snapchat.com,18496,1,0,User,2022-03-04,User,2022-03-05
126,ACDI50c2e82ddd502,IN50c2e82ddd502,Twitter.com,5514,1,1,User,2020-04-19,User,2020-04-25
127,ACDI50c2e82ddd501,IN50c2e82ddd501,Facebook.com,17591,1,1,User,2020-08-06,User,2020-08-14
128,ACDI50c2e82ddd501,IN50c2e82ddd501,Facebook.com,17591,1,1,User,2020-08-06,User,2020-08-14
129,ACDI50c2e82ddd502,IN50c2e82ddd502,Twitter.com,5514,1,1,User,2020-04-19,User,2020-04-25
130,ACDI50c2e82ddd501,IN50c2e82ddd501,Facebook.com,17591,1,1,User,2020-08-06,User,2020-08-14
131,ACDI50c2e82ddd503,IN50c2e82ddd503,TikTok.com,788,0,0,User,2022-04-16,User,2022-04-26
132,ACDI50c2e82ddd501,IN50c2e82ddd501,Facebook.com,17591,1,1,User,2020-08-06,User,2020-08-14
133,ACDI50c2e82ddd500,IN50c2e82ddd500,Snapchat.com,18496,1,0,User,2022-03-04,User,2022-03-05
134,ACDI50c2e82ddd503,IN50c2e82ddd503,TikTok.com,788,0,0,User,2022-04-16,User,2022-04-26
135,ACDI50c2e82ddd503,IN50c2e82ddd503,TikTok.com,788,0,0,User,2022-04-16,User,2022-04-26
136,ACDI50c2e82ddd501,IN50c2e82ddd501,Facebook.com,17591,1,1,User,2020-08-06,User,2020-08-14
137,ACDI50c2e82ddd502,IN50c2e82ddd502,Twitter.com,5514,1,1,User,2020-04-19,User,2020-04-25
138,ACDI50c2e82ddd500,IN50c2e82ddd500,Snapchat.com,18496,1,0,User,2022-03-04,User,2022-03-05
139,ACDI50c2e82ddd502,IN50c2e82ddd502,Twitter.com,5514,1,1,User,2020-04-19,User,2020-04-25
140,ACDI50c2e82ddd502,IN50c2e82ddd502,Twitter.com,5514,1,1,User,2020-04-19,User,2020-04-25
141,ACDI50c2e82ddd503,IN50c2e82ddd503,TikTok.com,788,0,0,User,2022-04-16,User,2022-04-26
142,ACDI50c2e82ddd502,IN50c2e82ddd502,Twitter.com,5514,1,1,User,2020-04-19,User,2020-04-25
143,ACDI50c2e82ddd500,IN50c2e82ddd500,Snapchat.com,18496,1,0,User,2022-03-04,User,2022-03-05
144,ACDI50c2e82ddd502,IN50c2e82ddd502,Twitter.com,5514,1,1,User,2020-04-19,User,2020-04-25
145,ACDI50c2e82ddd502,IN50c2e82ddd502,Twitter.com,5514,1,1,User,2020-04-19,User,2020-04-25
146,ACDI50c2e82ddd502,IN50c2e82ddd502,Twitter.com,5514,1,1,User,2020-04-19,User,2020-04-25
147,ACDI50c2e82ddd501,IN50c2e82ddd501,Facebook.com,17591,1,1,User,2020-08-06,User,2020-08-14
148,ACDI50c2e82ddd501,IN50c2e82ddd501,Facebook.com,17591,1,1,User,2020-08-06,User,2020-08-14
149,ACDI50c2e82ddd503,IN50c2e82ddd503,TikTok.com,788,0,0,User,2022-04-16,User,2022-04-26
150,ACDI50c2e82ddd500,IN50c2e82ddd500,Snapchat.com,18496,1,0,User,2022-03-04,User,2022-03-05
151,ACDI50c2e82ddd502,IN50c2e82ddd502,Twitter.com,5514,1,1,User,2020-04-19,User,2020-04-25
152,ACDI50c2e82ddd501,IN50c2e82ddd501,Facebook.com,17591,1,1,User,2020-08-06,User,2020-08-14
153,ACDI50c2e82ddd501,IN50c2e82ddd501,Facebook.com,17591,1,1,User,2020-08-06,User,2020-08-14
154,ACDI50c2e82ddd501,IN50c2e82ddd501,Facebook.com,17591,1,1,User,2020-08-06,User,2020-08-14
155,ACDI50c2e82ddd500,IN50c2e82ddd500,Snapchat.com,18496,1,0,User,2022-03-04,User,2022-03-05
156,ACDI50c2e82ddd502,IN50c2e82ddd502,Twitter.com,5514,1,1,User,2020-04-19,User,2020-04-25
157,ACDI50c2e82ddd503,IN50c2e82ddd503,TikTok.com,788,0,0,User,2022-04-16,User,2022-04-26
158,ACDI50c2e82ddd501,IN50c2e82ddd501,Facebook.com,17591,1,1,User,2020-08-06,User,2020-08-14
159,ACDI50c2e82ddd501,IN50c2e82ddd501,Facebook.com,17591,1,1,User,2020-08-06,User,2020-08-14
160,ACDI50c2e82ddd503,IN50c2e82ddd503,TikTok.com,788,0,0,User,2022-04-16,User,2022-04-26
161,ACDI50c2e82ddd500,IN50c2e82ddd500,Snapchat.com,18496,1,0,User,2022-03-04,User,2022-03-05
162,ACDI50c2e82ddd501,IN50c2e82ddd501,Facebook.com,17591,1,1,User,2020-08-06,User,2020-08-14
163,ACDI50c2e82ddd503,IN50c2e82ddd503,TikTok.com,788,0,0,User,2022-04-16,User,2022-04-26
164,ACDI50c2e82ddd501,IN50c2e82ddd501,Facebook.com,17591,1,1,User,2020-08-06,User,2020-08-14
165,ACDI50c2e82ddd501,IN50c2e82ddd501,Facebook.com,17591,1,1,User,2020-08-06,User,2020-08-14
166,ACDI50c2e82ddd503,IN50c2e82ddd503,TikTok.com,788,0,0,User,2022-04-16,User,2022-04-26
167,ACDI50c2e82ddd501,IN50c2e82ddd501,Facebook.com,17591,1,1,User,2020-08-06,User,2020-08-14
168,ACDI50c2e82ddd500,IN50c2e82ddd500,Snapchat.com,18496,1,0,User,2022-03-04,User,2022-03-05
169,ACDI50c2e82ddd500,IN50c2e82ddd500,Snapchat.com,18496,1,0,User,2022-03-04,User,2022-03-05
170,ACDI50c2e82ddd500,IN50c2e82ddd500,Snapchat.com,18496,1,0,User,2022-03-04,User,2022-03-05
171,ACDI50c2e82ddd501,IN50c2e82ddd501,Facebook.com,17591,1,1,User,2020-08-06,User,2020-08-14
172,ACDI50c2e82ddd501,IN50c2e82ddd501,Facebook.com,17591,1,1,User,2020-08-06,User,2020-08-14
173,ACDI50c2e82ddd502,IN50c2e82ddd502,Twitter.com,5514,1,1,User,2020-04-19,User,2020-04-25
174,ACDI50c2e82ddd503,IN50c2e82ddd503,TikTok.com,788,0,0,User,2022-04-16,User,2022-04-26
175,ACDI50c2e82ddd500,IN50c2e82ddd500,Snapchat.com,18496,1,0,User,2022-03-04,User,2022-03-05
176,ACDI50c2e82ddd500,IN50c2e82ddd500,Snapchat.com,18496,1,0,User,2022-03-04,User,2022-03-05
177,ACDI50c2e82ddd503,IN50c2e82ddd503,TikTok.com,788,0,0,User,2022-04-16,User,2022-04-26
178,ACDI50c2e82ddd502,IN50c2e82ddd502,Twitter.com,5514,1,1,User,2020-04-19,User,2020-04-25
179,ACDI50c2e82ddd503,IN50c2e82ddd503,TikTok.com,788,0,0,User,2022-04-16,User,2022-04-26
180,ACDI50c2e82ddd501,IN50c2e82ddd501,Facebook.com,17591,1,1,User,2020-08-06,User,2020-08-14
181,ACDI50c2e82ddd502,IN50c2e82ddd502,Twitter.com,5514,1,1,User,2020-04-19,User,2020-04-25
182,ACDI50c2e82ddd503,IN50c2e82ddd503,TikTok.com,788,0,0,User,2022-04-16,User,2022-04-26
183,ACDI50c2e82ddd500,IN50c2e82ddd500,Snapchat.com,18496,1,0,User,2022-03-04,User,2022-03-05
184,ACDI50c2e82ddd500,IN50c2e82ddd500,Snapchat.com,18496,1,0,User,2022-03-04,User,2022-03-05
185,ACDI50c2e82ddd502,IN50c2e82ddd502,Twitter.com,5514,1,1,User,2020-04-19,User,2020-04-25
186,ACDI50c2e82ddd503,IN50c2e82ddd503,TikTok.com,788,0,0,User,2022-04-16,User,2022-04-26
187,ACDI50c2e82ddd500,IN50c2e82ddd500,Snapchat.com,18496,1,0,User,2022-03-04,User,2022-03-05
188,ACDI50c2e82ddd500,IN50c2e82ddd500,Snapchat.com,18496,1,0,User,2022-03-04,User,2022-03-05
189,ACDI50c2e82ddd500,IN50c2e82ddd500,Snapchat.com,18496,1,0,User,2022-03-04,User,2022-03-05
190,ACDI50c2e82ddd501,IN50c2e82ddd501,Facebook.com,17591,1,1,User,2020-08-06,User,2020-08-14
191,ACDI50c2e82ddd503,IN50c2e82ddd503,TikTok.com,788,0,0,User,2022-04-16,User,2022-04-26
192,ACDI50c2e82ddd503,IN50c2e82ddd503,TikTok.com,788,0,0,User,2022-04-16,User,2022-04-26
193,ACDI50c2e82ddd503,IN50c2e82ddd503,TikTok.com,788,0,0,User,2022-04-16,User,2022-04-26
194,ACDI50c2e82ddd501,IN50c2e82ddd501,Facebook.com,17591,1,1,User,2020-08-06,User,2020-08-14
195,ACDI50c2e82ddd503,IN50c2e82ddd503,TikTok.com,788,0,0,User,2022-04-16,User,2022-04-26
196,ACDI50c2e82ddd502,IN50c2e82ddd502,Twitter.com,5514,1,1,User,2020-04-19,User,2020-04-25
197,ACDI50c2e82ddd500,IN50c2e82ddd500,Snapchat.com,18496,1,0,User,2022-03-04,User,2022-03-05
198,ACDI50c2e82ddd503,IN50c2e82ddd503,TikTok.com,788,0,0,User,2022-04-16,User,2022-04-26
199,ACDI50c2e82ddd503,IN50c2e82ddd503,TikTok.com,788,0,0,User,2022-04-16,User,2022-04-26
200,ACDI50c2e82ddd503,IN50c2e82ddd503,TikTok.com,788,0,0,User,2022-04-16,User,2022-04-26
201,ACDI50c2e82ddd501,IN50c2e82ddd501,Facebook.com,17591,1,1,User,2020-08-06,User,2020-08-14
202,ACDI50c2e82ddd503,IN50c2e82ddd503,TikTok.com,788,0,0,User,2022-04-16,User,2022-04-26
203,ACDI50c2e82ddd502,IN50c2e82ddd502,Twitter.com,5514,1,1,User,2020-04-19,User,2020-04-25
204,ACDI50c2e82ddd502,IN50c2e82ddd502,Twitter.com,5514,1,1,User,2020-04-19,User,2020-04-25
205,ACDI50c2e82ddd503,IN50c2e82ddd503,TikTok.com,788,0,0,User,2022-04-16,User,2022-04-26
206,ACDI50c2e82ddd500,IN50c2e82ddd500,Snapchat.com,18496,1,0,User,2022-03-04,User,2022-03-05
207,ACDI50c2e82ddd500,IN50c2e82ddd500,Snapchat.com,18496,1,0,User,2022-03-04,User,2022-03-05
208,ACDI50c2e82ddd503,IN50c2e82ddd503,TikTok.com,788,0,0,User,2022-04-16,User,2022-04-26
209,ACDI50c2e82ddd503,IN50c2e82ddd503,TikTok.com,788,0,0,User,2022-04-16,User,2022-04-26
210,ACDI50c2e82ddd501,IN50c2e82ddd501,Facebook.com,17591,1,1,User,2020-08-06,User,2020-08-14
211,ACDI50c2e82ddd501,IN50c2e82ddd501,Facebook.com,17591,1,1,User,2020-08-06,User,2020-08-14
212,ACDI50c2e82ddd503,IN50c2e82ddd503,TikTok.com,788,0,0,User,2022-04-16,User,2022-04-26
213,ACDI50c2e82ddd501,IN50c2e82ddd501,Facebook.com,17591,1,1,User,2020-08-06,User,2020-08-14
214,ACDI50c2e82ddd501,IN50c2e82ddd501,Facebook.com,17591,1,1,User,2020-08-06,User,2020-08-14
215,ACDI50c2e82ddd503,IN50c2e82ddd503,TikTok.com,788,0,0,User,2022-04-16,User,2022-04-26
216,ACDI50c2e82ddd502,IN50c2e82ddd502,Twitter.com,5514,1,1,User,2020-04-19,User,2020-04-25
217,ACDI50c2e82ddd501,IN50c2e82ddd501,Facebook.com,17591,1,1,User,2020-08-06,User,2020-08-14
218,ACDI50c2e82ddd502,IN50c2e82ddd502,Twitter.com,5514,1,1,User,2020-04-19,User,2020-04-25
219,ACDI50c2e82ddd503,IN50c2e82ddd503,TikTok.com,788,0,0,User,2022-04-16,User,2022-04-26
220,ACDI50c2e82ddd501,IN50c2e82ddd501,Facebook.com,17591,1,1,User,2020-08-06,User,2020-08-14
221,ACDI50c2e82ddd502,IN50c2e82ddd502,Twitter.com,5514,1,1,User,2020-04-19,User,2020-04-25
222,ACDI50c2e82ddd502,IN50c2e82ddd502,Twitter.com,5514,1,1,User,2020-04-19,User,2020-04-25
223,ACDI50c2e82ddd500,IN50c2e82ddd500,Snapchat.com,18496,1,0,User,2022-03-04,User,2022-03-05
224,ACDI50c2e82ddd502,IN50c2e82ddd502,Twitter.com,5514,1,1,User,2020-04-19,User,2020-04-25
225,ACDI50c2e82ddd503,IN50c2e82ddd503,TikTok.com,788,0,0,User,2022-04-16,User,2022-04-26
226,ACDI50c2e82ddd502,IN50c2e82ddd502,Twitter.com,5514,1,1,User,2020-04-19,User,2020-04-25
227,ACDI50c2e82ddd503,IN50c2e82ddd503,TikTok.com,788,0,0,User,2022-04-16,User,2022-04-26
228,ACDI50c2e82ddd502,IN50c2e82ddd502,Twitter.com,5514,1,1,User,2020-04-19,User,2020-04-25
229,ACDI50c2e82ddd502,IN50c2e82ddd502,Twitter.com,5514,1,1,User,2020-04-19,User,2020-04-25
230,ACDI50c2e82ddd503,IN50c2e82ddd503,TikTok.com,788,0,0,User,2022-04-16,User,2022-04-26
231,ACDI50c2e82ddd502,IN50c2e82ddd502,Twitter.com,5514,1,1,User,2020-04-19,User,2020-04-25
232,ACDI50c2e82ddd502,IN50c2e82ddd502,Twitter.com,5514,1,1,User,2020-04-19,User,2020-04-25
233,ACDI50c2e82ddd502,IN50c2e82ddd502,Twitter.com,5514,1,1,User,2020-04-19,User,2020-04-25
234,ACDI50c2e82ddd501,IN50c2e82ddd501,Facebook.com,17591,1,1,User,2020-08-06,User,2020-08-14
235,ACDI50c2e82ddd500,IN50c2e82ddd500,Snapchat.com,18496,1,0,User,2022-03-04,User,2022-03-05
236,ACDI50c2e82ddd502,IN50c2e82ddd502,Twitter.com,5514,1,1,User,2020-04-19,User,2020-04-25
237,ACDI50c2e82ddd500,IN50c2e82ddd500,Snapchat.com,18496,1,0,User,2022-03-04,User,2022-03-05
238,ACDI50c2e82ddd502,IN50c2e82ddd502,Twitter.com,5514,1,1,User,2020-04-19,User,2020-04-25
239,ACDI50c2e82ddd501,IN50c2e82ddd501,Facebook.com,17591,1,1,User,2020-08-06,User,2020-08-14
240,ACDI50c2e82ddd501,IN50c2e82ddd501,Facebook.com,17591,1,1,User,2020-08-06,User,2020-08-14
241,ACDI50c2e82ddd501,IN50c2e82ddd501,Facebook.com,17591,1,1,User,2020-08-06,User,2020-08-14
242,ACDI50c2e82ddd500,IN50c2e82ddd500,Snapchat.com,18496,1,0,User,2022-03-04,User,2022-03-05
243,ACDI50c2e82ddd502,IN50c2e82ddd502,Twitter.com,5514,1,1,User,2020-04-19,User,2020-04-25
244,ACDI50c2e82ddd501,IN50c2e82ddd501,Facebook.com,17591,1,1,User,2020-08-06,User,2020-08-14
245,ACDI50c2e82ddd500,IN50c2e82ddd500,Snapchat.com,18496,1,0,User,2022-03-04,User,2022-03-05
246,ACDI50c2e82ddd500,IN50c2e82ddd500,Snapchat.com,18496,1,0,User,2022-03-04,User,2022-03-05
247,ACDI50c2e82ddd500,IN50c2e82ddd500,Snapchat.com,18496,1,0,User,2022-03-04,User,2022-03-05
248,ACDI50c2e82ddd502,IN50c2e82ddd502,Twitter.com,5514,1,1,User,2020-04-19,User,2020-04-25
249,ACDI50c2e82ddd500,IN50c2e82ddd500,Snapchat.com,18496,1,0,User,2022-03-04,User,2022-03-05
250,ACDI50c2e82ddd501,IN50c2e82ddd501,Facebook.com,17591,1,1,User,2020-08-06,User,2020-08-14
251,ACDI50c2e82ddd502,IN50c2e82ddd502,Twitter.com,5514,1,1,User,2020-04-19,User,2020-04-25
252,ACDI50c2e82ddd501,IN50c2e82ddd501,Facebook.com,17591,1,1,User,2020-08-06,User,2020-08-14
253,ACDI50c2e82ddd503,IN50c2e82ddd503,TikTok.com,788,0,0,User,2022-04-16,User,2022-04-26
254,ACDI50c2e82ddd502,IN50c2e82ddd502,Twitter.com,5514,1,1,User,2020-04-19,User,2020-04-25
255,ACDI50c2e82ddd501,IN50c2e82ddd501,Facebook.com,17591,1,1,User,2020-08-06,User,2020-08-14
256,ACDI50c2e82ddd502,IN50c2e82ddd502,Twitter.com,5514,1,1,User,2020-04-19,User,2020-04-25
257,ACDI50c2e82ddd501,IN50c2e82ddd501,Facebook.com,17591,1,1,User,2020-08-06,User,2020-08-14
258,ACDI50c2e82ddd501,IN50c2e82ddd501,Facebook.com,17591,1,1,User,2020-08-06,User,2020-08-14
259,ACDI50c2e82ddd502,IN50c2e82ddd502,Twitter.com,5514,1,1,User,2020-04-19,User,2020-04-25
260,ACDI50c2e82ddd501,IN50c2e82ddd501,Facebook.com,17591,1,1,User,2020-08-06,User,2020-08-14
261,ACDI50c2e82ddd502,IN50c2e82ddd502,Twitter.com,5514,1,1,User,2020-04-19,User,2020-04-25
262,ACDI50c2e82ddd503,IN50c2e82ddd503,TikTok.com,788,0,0,User,2022-04-16,User,2022-04-26
263,ACDI50c2e82ddd503,IN50c2e82ddd503,TikTok.com,788,0,0,User,2022-04-16,User,2022-04-26
264,ACDI50c2e82ddd501,IN50c2e82ddd501,Facebook.com,17591,1,1,User,2020-08-06,User,2020-08-14
265,ACDI50c2e82ddd502,IN50c2e82ddd502,Twitter.com,5514,1,1,User,2020-04-19,User,2020-04-25
266,ACDI50c2e82ddd503,IN50c2e82ddd503,TikTok.com,788,0,0,User,2022-04-16,User,2022-04-26
267,ACDI50c2e82ddd503,IN50c2e82ddd503,TikTok.com,788,0,0,User,2022-04-16,User,2022-04-26
268,ACDI50c2e82ddd503,IN50c2e82ddd503,TikTok.com,788,0,0,User,2022-04-16,User,2022-04-26
269,ACDI50c2e82ddd502,IN50c2e82ddd502,Twitter.com,5514,1,1,User,2020-04-19,User,2020-04-25
270,ACDI50c2e82ddd500,IN50c2e82ddd500,Snapchat.com,18496,1,0,User,2022-03-04,User,2022-03-05
271,ACDI50c2e82ddd501,IN50c2e82ddd501,Facebook.com,17591,1,1,User,2020-08-06,User,2020-08-14
272,ACDI50c2e82ddd500,IN50c2e82ddd500,Snapchat.com,18496,1,0,User,2022-03-04,User,2022-03-05
273,ACDI50c2e82ddd503,IN50c2e82ddd503,TikTok.com,788,0,0,User,2022-04-16,User,2022-04-26
274,ACDI50c2e82ddd501,IN50c2e82ddd501,Facebook.com,17591,1,1,User,2020-08-06,User,2020-08-14
275,ACDI50c2e82ddd502,IN50c2e82ddd502,Twitter.com,5514,1,1,User,2020-04-19,User,2020-04-25
276,ACDI50c2e82ddd501,IN50c2e82ddd501,Facebook.com,17591,1,1,User,2020-08-06,User,2020-08-14
277,ACDI50c2e82ddd501,IN50c2e82ddd501,Facebook.com,17591,1,1,User,2020-08-06,User,2020-08-14
278,ACDI50c2e82ddd503,IN50c2e82ddd503,TikTok.com,788,0,0,User,2022-04-16,User,2022-04-26
279,ACDI50c2e82ddd500,IN50c2e82ddd500,Snapchat.com,18496,1,0,User,2022-03-04,User,2022-03-05
280,ACDI50c2e82ddd502,IN50c2e82ddd502,Twitter.com,5514,1,1,User,2020-04-19,User,2020-04-25
281,ACDI50c2e82ddd500,IN50c2e82ddd500,Snapchat.com,18496,1,0,User,2022-03-04,User,2022-03-05
282,ACDI50c2e82ddd501,IN50c2e82ddd501,Facebook.com,17591,1,1,User,2020-08-06,User,2020-08-14
283,ACDI50c2e82ddd502,IN50c2e82ddd502,Twitter.com,5514,1,1,User,2020-04-19,User,2020-04-25
284,ACDI50c2e82ddd500,IN50c2e82ddd500,Snapchat.com,18496,1,0,User,2022-03-04,User,2022-03-05
285,ACDI50c2e82ddd500,IN50c2e82ddd500,Snapchat.com,18496,1,0,User,2022-03-04,User,2022-03-05
286,ACDI50c2e82ddd503,IN50c2e82ddd503,TikTok.com,788,0,0,User,2022-04-16,User,2022-04-26
287,ACDI50c2e82ddd500,IN50c2e82ddd500,Snapchat.com,18496,1,0,User,2022-03-04,User,2022-03-05
288,ACDI50c2e82ddd501,IN50c2e82ddd501,Facebook.com,17591,1,1,User,2020-08-06,User,2020-08-14
289,ACDI50c2e82ddd500,IN50c2e82ddd500,Snapchat.com,18496,1,0,User,2022-03-04,User,2022-03-05
290,ACDI50c2e82ddd501,IN50c2e82ddd501,Facebook.com,17591,1,1,User,2020-08-06,User,2020-08-14
291,ACDI50c2e82ddd500,IN50c2e82ddd500,Snapchat.com,18496,1,0,User,2022-03-04,User,2022-03-05
292,ACDI50c2e82ddd503,IN50c2e82ddd503,TikTok.com,788,0,0,User,2022-04-16,User,2022-04-26
293,ACDI50c2e82ddd500,IN50c2e82ddd500,Snapchat.com,18496,1,0,User,2022-03-04,User,2022-03-05
294,ACDI50c2e82ddd500,IN50c2e82ddd500,Snapchat.com,18496,1,0,User,2022-03-04,User,2022-03-05
295,ACDI50c2e82ddd500,IN50c2e82ddd500,Snapchat.com,18496,1,0,User,2022-03-04,User,2022-03-05
296,ACDI50c2e82ddd502,IN50c2e82ddd502,Twitter.com,5514,1,1,User,2020-04-19,User,2020-04-25
297,ACDI50c2e82ddd502,IN50c2e82ddd502,Twitter.com,5514,1,1,User,2020-04-19,User,2020-04-25
298,ACDI50c2e82ddd500,IN50c2e82ddd500,Snapchat.com,18496,1,0,User,2022-03-04,User,2022-03-05
299,ACDI50c2e82ddd501,IN50c2e82ddd501,Facebook.com,17591,1,1,User,2020-08-06,User,2020-08-14
300,ACDI50c2e82ddd501,IN50c2e82ddd501,Facebook.com,17591,1,1,User,2020-08-06,User,2020-08-14
301,ACDI50c2e82ddd501,IN50c2e82ddd501,Facebook.com,17591,1,1,User,2020-08-06,User,2020-08-14
302,ACDI50c2e82ddd502,IN50c2e82ddd502,Twitter.com,5514,1,1,User,2020-04-19,User,2020-04-25
303,ACDI50c2e82ddd503,IN50c2e82ddd503,TikTok.com,788,0,0,User,2022-04-16,User,2022-04-26
304,ACDI50c2e82ddd502,IN50c2e82ddd502,Twitter.com,5514,1,1,User,2020-04-19,User,2020-04-25
305,ACDI50c2e82ddd500,IN50c2e82ddd500,Snapchat.com,18496,1,0,User,2022-03-04,User,2022-03-05
306,ACDI50c2e82ddd502,IN50c2e82ddd502,Twitter.com,5514,1,1,User,2020-04-19,User,2020-04-25
307,ACDI50c2e82ddd502,IN50c2e82ddd502,Twitter.com,5514,1,1,User,2020-04-19,User,2020-04-25
308,ACDI50c2e82ddd501,IN50c2e82ddd501,Facebook.com,17591,1,1,User,2020-08-06,User,2020-08-14
309,ACDI50c2e82ddd502,IN50c2e82ddd502,Twitter.com,5514,1,1,User,2020-04-19,User,2020-04-25
310,ACDI50c2e82ddd502,IN50c2e82ddd502,Twitter.com,5514,1,1,User,2020-04-19,User,2020-04-25
311,ACDI50c2e82ddd502,IN50c2e82ddd502,Twitter.com,5514,1,1,User,2020-04-19,User,2020-04-25
312,ACDI50c2e82ddd502,IN50c2e82ddd502,Twitter.com,5514,1,1,User,2020-04-19,User,2020-04-25
313,ACDI50c2e82ddd500,IN50c2e82ddd500,Snapchat.com,18496,1,0,User,2022-03-04,User,2022-03-05
314,ACDI50c2e82ddd503,IN50c2e82ddd503,TikTok.com,788,0,0,User,2022-04-16,User,2022-04-26
315,ACDI50c2e82ddd500,IN50c2e82ddd500,Snapchat.com,18496,1,0,User,2022-03-04,User,2022-03-05
316,ACDI50c2e82ddd501,IN50c2e82ddd501,Facebook.com,17591,1,1,User,2020-08-06,User,2020-08-14
317,ACDI50c2e82ddd503,IN50c2e82ddd503,TikTok.com,788,0,0,User,2022-04-16,User,2022-04-26
318,ACDI50c2e82ddd500,IN50c2e82ddd500,Snapchat.com,18496,1,0,User,2022-03-04,User,2022-03-05
319,ACDI50c2e82ddd502,IN50c2e82ddd502,Twitter.com,5514,1,1,User,2020-04-19,User,2020-04-25
320,ACDI50c2e82ddd502,IN50c2e82ddd502,Twitter.com,5514,1,1,User,2020-04-19,User,2020-04-25
321,ACDI50c2e82ddd503,IN50c2e82ddd503,TikTok.com,788,0,0,User,2022-04-16,User,2022-04-26
322,ACDI50c2e82ddd501,IN50c2e82ddd501,Facebook.com,17591,1,1,User,2020-08-06,User,2020-08-14
323,ACDI50c2e82ddd502,IN50c2e82ddd502,Twitter.com,5514,1,1,User,2020-04-19,User,2020-04-25
324,ACDI50c2e82ddd503,IN50c2e82ddd503,TikTok.com,788,0,0,User,2022-04-16,User,2022-04-26
325,ACDI50c2e82ddd503,IN50c2e82ddd503,TikTok.com,788,0,0,User,2022-04-16,User,2022-04-26
326,ACDI50c2e82ddd502,IN50c2e82ddd502,Twitter.com,5514,1,1,User,2020-04-19,User,2020-04-25
327,ACDI50c2e82ddd500,IN50c2e82ddd500,Snapchat.com,18496,1,0,User,2022-03-04,User,2022-03-05
328,ACDI50c2e82ddd503,IN50c2e82ddd503,TikTok.com,788,0,0,User,2022-04-16,User,2022-04-26
329,ACDI50c2e82ddd503,IN50c2e82ddd503,TikTok.com,788,0,0,User,2022-04-16,User,2022-04-26
330,ACDI50c2e82ddd501,IN50c2e82ddd501,Facebook.com,17591,1,1,User,2020-08-06,User,2020-08-14
331,ACDI50c2e82ddd501,IN50c2e82ddd501,Facebook.com,17591,1,1,User,2020-08-06,User,2020-08-14
332,ACDI50c2e82ddd501,IN50c2e82ddd501,Facebook.com,17591,1,1,User,2020-08-06,User,2020-08-14
333,ACDI50c2e82ddd501,IN50c2e82ddd501,Facebook.com,17591,1,1,User,2020-08-06,User,2020-08-14
334,ACDI50c2e82ddd501,IN50c2e82ddd501,Facebook.com,17591,1,1,User,2020-08-06,User,2020-08-14
335,ACDI50c2e82ddd502,IN50c2e82ddd502,Twitter.com,5514,1,1,User,2020-04-19,User,2020-04-25
336,ACDI50c2e82ddd503,IN50c2e82ddd503,TikTok.com,788,0,0,User,2022-04-16,User,2022-04-26
337,ACDI50c2e82ddd500,IN50c2e82ddd500,Snapchat.com,18496,1,0,User,2022-03-04,User,2022-03-05
338,ACDI50c2e82ddd500,IN50c2e82ddd500,Snapchat.com,18496,1,0,User,2022-03-04,User,2022-03-05
339,ACDI50c2e82ddd501,IN50c2e82ddd501,Facebook.com,17591,1,1,User,2020-08-06,User,2020-08-14
340,ACDI50c2e82ddd500,IN50c2e82ddd500,Snapchat.com,18496,1,0,User,2022-03-04,User,2022-03-05
341,ACDI50c2e82ddd502,IN50c2e82ddd502,Twitter.com,5514,1,1,User,2020-04-19,User,2020-04-25
342,ACDI50c2e82ddd502,IN50c2e82ddd502,Twitter.com,5514,1,1,User,2020-04-19,User,2020-04-25
343,ACDI50c2e82ddd503,IN50c2e82ddd503,TikTok.com,788,0,0,User,2022-04-16,User,2022-04-26
344,ACDI50c2e82ddd503,IN50c2e82ddd503,TikTok.com,788,0,0,User,2022-04-16,User,2022-04-26
345,ACDI50c2e82ddd503,IN50c2e82ddd503,TikTok.com,788,0,0,User,2022-04-16,User,2022-04-26
346,ACDI50c2e82ddd502,IN50c2e82ddd502,Twitter.com,5514,1,1,User,2020-04-19,User,2020-04-25
347,ACDI50c2e82ddd502,IN50c2e82ddd502,Twitter.com,5514,1,1,User,2020-04-19,User,2020-04-25
348,ACDI50c2e82ddd502,IN50c2e82ddd502,Twitter.com,5514,1,1,User,2020-04-19,User,2020-04-25
349,ACDI50c2e82ddd503,IN50c2e82ddd503,TikTok.com,788,0,0,User,2022-04-16,User,2022-04-26
350,ACDI50c2e82ddd502,IN50c2e82ddd502,Twitter.com,5514,1,1,User,2020-04-19,User,2020-04-25
351,ACDI50c2e82ddd503,IN50c2e82ddd503,TikTok.com,788,0,0,User,2022-04-16,User,2022-04-26
352,ACDI50c2e82ddd501,IN50c2e82ddd501,Facebook.com,17591,1,1,User,2020-08-06,User,2020-08-14
353,ACDI50c2e82ddd502,IN50c2e82ddd502,Twitter.com,5514,1,1,User,2020-04-19,User,2020-04-25
354,ACDI50c2e82ddd503,IN50c2e82ddd503,TikTok.com,788,0,0,User,2022-04-16,User,2022-04-26
355,ACDI50c2e82ddd503,IN50c2e82ddd503,TikTok.com,788,0,0,User,2022-04-16,User,2022-04-26
356,ACDI50c2e82ddd502,IN50c2e82ddd502,Twitter.com,5514,1,1,User,2020-04-19,User,2020-04-25
357,ACDI50c2e82ddd500,IN50c2e82ddd500,Snapchat.com,18496,1,0,User,2022-03-04,User,2022-03-05
358,ACDI50c2e82ddd502,IN50c2e82ddd502,Twitter.com,5514,1,1,User,2020-04-19,User,2020-04-25
359,ACDI50c2e82ddd501,IN50c2e82ddd501,Facebook.com,17591,1,1,User,2020-08-06,User,2020-08-14
360,ACDI50c2e82ddd503,IN50c2e82ddd503,TikTok.com,788,0,0,User,2022-04-16,User,2022-04-26
361,ACDI50c2e82ddd502,IN50c2e82ddd502,Twitter.com,5514,1,1,User,2020-04-19,User,2020-04-25
362,ACDI50c2e82ddd500,IN50c2e82ddd500,Snapchat.com,18496,1,0,User,2022-03-04,User,2022-03-05
363,ACDI50c2e82ddd503,IN50c2e82ddd503,TikTok.com,788,0,0,User,2022-04-16,User,2022-04-26
364,ACDI50c2e82ddd503,IN50c2e82ddd503,TikTok.com,788,0,0,User,2022-04-16,User,2022-04-26
365,ACDI50c2e82ddd502,IN50c2e82ddd502,Twitter.com,5514,1,1,User,2020-04-19,User,2020-04-25
366,ACDI50c2e82ddd502,IN50c2e82ddd502,Twitter.com,5514,1,1,User,2020-04-19,User,2020-04-25
367,ACDI50c2e82ddd502,IN50c2e82ddd502,Twitter.com,5514,1,1,User,2020-04-19,User,2020-04-25
368,ACDI50c2e82ddd501,IN50c2e82ddd501,Facebook.com,17591,1,1,User,2020-08-06,User,2020-08-14
369,ACDI50c2e82ddd503,IN50c2e82ddd503,TikTok.com,788,0,0,User,2022-04-16,User,2022-04-26
370,ACDI50c2e82ddd501,IN50c2e82ddd501,Facebook.com,17591,1,1,User,2020-08-06,User,2020-08-14
371,ACDI50c2e82ddd501,IN50c2e82ddd501,Facebook.com,17591,1,1,User,2020-08-06,User,2020-08-14
372,ACDI50c2e82ddd500,IN50c2e82ddd500,Snapchat.com,18496,1,0,User,2022-03-04,User,2022-03-05
373,ACDI50c2e82ddd502,IN50c2e82ddd502,Twitter.com,5514,1,1,User,2020-04-19,User,2020-04-25
374,ACDI50c2e82ddd501,IN50c2e82ddd501,Facebook.com,17591,1,1,User,2020-08-06,User,2020-08-14
375,ACDI50c2e82ddd501,IN50c2e82ddd501,Facebook.com,17591,1,1,User,2020-08-06,User,2020-08-14
376,ACDI50c2e82ddd500,IN50c2e82ddd500,Snapchat.com,18496,1,0,User,2022-03-04,User,2022-03-05
377,ACDI50c2e82ddd503,IN50c2e82ddd503,TikTok.com,788,0,0,User,2022-04-16,User,2022-04-26
378,ACDI50c2e82ddd503,IN50c2e82ddd503,TikTok.com,788,0,0,User,2022-04-16,User,2022-04-26
379,ACDI50c2e82ddd500,IN50c2e82ddd500,Snapchat.com,18496,1,0,User,2022-03-04,User,2022-03-05
380,ACDI50c2e82ddd500,IN50c2e82ddd500,Snapchat.com,18496,1,0,User,2022-03-04,User,2022-03-05
381,ACDI50c2e82ddd500,IN50c2e82ddd500,Snapchat.com,18496,1,0,User,2022-03-04,User,2022-03-05
382,ACDI50c2e82ddd500,IN50c2e82ddd500,Snapchat.com,18496,1,0,User,2022-03-04,User,2022-03-05
383,ACDI50c2e82ddd500,IN50c2e82ddd500,Snapchat.com,18496,1,0,User,2022-03-04,User,2022-03-05
384,ACDI50c2e82ddd501,IN50c2e82ddd501,Facebook.com,17591,1,1,User,2020-08-06,User,2020-08-14
385,ACDI50c2e82ddd501,IN50c2e82ddd501,Facebook.com,17591,1,1,User,2020-08-06,User,2020-08-14
386,ACDI50c2e82ddd501,IN50c2e82ddd501,Facebook.com,17591,1,1,User,2020-08-06,User,2020-08-14
387,ACDI50c2e82ddd501,IN50c2e82ddd501,Facebook.com,17591,1,1,User,2020-08-06,User,2020-08-14
388,ACDI50c2e82ddd503,IN50c2e82ddd503,TikTok.com,788,0,0,User,2022-04-16,User,2022-04-26
389,ACDI50c2e82ddd503,IN50c2e82ddd503,TikTok.com,788,0,0,User,2022-04-16,User,2022-04-26
390,ACDI50c2e82ddd501,IN50c2e82ddd501,Facebook.com,17591,1,1,User,2020-08-06,User,2020-08-14
391,ACDI50c2e82ddd503,IN50c2e82ddd503,TikTok.com,788,0,0,User,2022-04-16,User,2022-04-26
392,ACDI50c2e82ddd503,IN50c2e82ddd503,TikTok.com,788,0,0,User,2022-04-16,User,2022-04-26
393,ACDI50c2e82ddd500,IN50c2e82ddd500,Snapchat.com,18496,1,0,User,2022-03-04,User,2022-03-05
394,ACDI50c2e82ddd500,IN50c2e82ddd500,Snapchat.com,18496,1,0,User,2022-03-04,User,2022-03-05
395,ACDI50c2e82ddd500,IN50c2e82ddd500,Snapchat.com,18496,1,0,User,2022-03-04,User,2022-03-05
396,ACDI50c2e82ddd500,IN50c2e82ddd500,Snapchat.com,18496,1,0,User,2022-03-04,User,2022-03-05
397,ACDI50c2e82ddd503,IN50c2e82ddd503,TikTok.com,788,0,0,User,2022-04-16,User,2022-04-26
398,ACDI50c2e82ddd501,IN50c2e82ddd501,Facebook.com,17591,1,1,User,2020-08-06,User,2020-08-14
399,ACDI50c2e82ddd502,IN50c2e82ddd502,Twitter.com,5514,1,1,User,2020-04-19,User,2020-04-25
400,ACDI50c2e82ddd501,IN50c2e82ddd501,Facebook.com,17591,1,1,User,2020-08-06,User,2020-08-14
401,ACDI50c2e82ddd501,IN50c2e82ddd501,Facebook.com,17591,1,1,User,2020-08-06,User,2020-08-14
402,ACDI50c2e82ddd501,IN50c2e82ddd501,Facebook.com,17591,1,1,User,2020-08-06,User,2020-08-14
403,ACDI50c2e82ddd500,IN50c2e82ddd500,Snapchat.com,18496,1,0,User,2022-03-04,User,2022-03-05
404,ACDI50c2e82ddd503,IN50c2e82ddd503,TikTok.com,788,0,0,User,2022-04-16,User,2022-04-26
405,ACDI50c2e82ddd501,IN50c2e82ddd501,Facebook.com,17591,1,1,User,2020-08-06,User,2020-08-14
406,ACDI50c2e82ddd503,IN50c2e82ddd503,TikTok.com,788,0,0,User,2022-04-16,User,2022-04-26
407,ACDI50c2e82ddd500,IN50c2e82ddd500,Snapchat.com,18496,1,0,User,2022-03-04,User,2022-03-05
408,ACDI50c2e82ddd501,IN50c2e82ddd501,Facebook.com,17591,1,1,User,2020-08-06,User,2020-08-14
409,ACDI50c2e82ddd502,IN50c2e82ddd502,Twitter.com,5514,1,1,User,2020-04-19,User,2020-04-25
410,ACDI50c2e82ddd502,IN50c2e82ddd502,Twitter.com,5514,1,1,User,2020-04-19,User,2020-04-25
411,ACDI50c2e82ddd503,IN50c2e82ddd503,TikTok.com,788,0,0,User,2022-04-16,User,2022-04-26
412,ACDI50c2e82ddd501,IN50c2e82ddd501,Facebook.com,17591,1,1,User,2020-08-06,User,2020-08-14
413,ACDI50c2e82ddd502,IN50c2e82ddd502,Twitter.com,5514,1,1,User,2020-04-19,User,2020-04-25
414,ACDI50c2e82ddd502,IN50c2e82ddd502,Twitter.com,5514,1,1,User,2020-04-19,User,2020-04-25
415,ACDI50c2e82ddd502,IN50c2e82ddd502,Twitter.com,5514,1,1,User,2020-04-19,User,2020-04-25
416,ACDI50c2e82ddd501,IN50c2e82ddd501,Facebook.com,17591,1,1,User,2020-08-06,User,2020-08-14
417,ACDI50c2e82ddd501,IN50c2e82ddd501,Facebook.com,17591,1,1,User,2020-08-06,User,2020-08-14
418,ACDI50c2e82ddd501,IN50c2e82ddd501,Facebook.com,17591,1,1,User,2020-08-06,User,2020-08-14
419,ACDI50c2e82ddd502,IN50c2e82ddd502,Twitter.com,5514,1,1,User,2020-04-19,User,2020-04-25
420,ACDI50c2e82ddd500,IN50c2e82ddd500,Snapchat.com,18496,1,0,User,2022-03-04,User,2022-03-05
421,ACDI50c2e82ddd503,IN50c2e82ddd503,TikTok.com,788,0,0,User,2022-04-16,User,2022-04-26
422,ACDI50c2e82ddd500,IN50c2e82ddd500,Snapchat.com,18496,1,0,User,2022-03-04,User,2022-03-05
423,ACDI50c2e82ddd501,IN50c2e82ddd501,Facebook.com,17591,1,1,User,2020-08-06,User,2020-08-14
424,ACDI50c2e82ddd500,IN50c2e82ddd500,Snapchat.com,18496,1,0,User,2022-03-04,User,2022-03-05
425,ACDI50c2e82ddd501,IN50c2e82ddd501,Facebook.com,17591,1,1,User,2020-08-06,User,2020-08-14
426,ACDI50c2e82ddd503,IN50c2e82ddd503,TikTok.com,788,0,0,User,2022-04-16,User,2022-04-26
427,ACDI50c2e82ddd501,IN50c2e82ddd501,Facebook.com,17591,1,1,User,2020-08-06,User,2020-08-14
428,ACDI50c2e82ddd503,IN50c2e82ddd503,TikTok.com,788,0,0,User,2022-04-16,User,2022-04-26
429,ACDI50c2e82ddd501,IN50c2e82ddd501,Facebook.com,17591,1,1,User,2020-08-06,User,2020-08-14
430,ACDI50c2e82ddd501,IN50c2e82ddd501,Facebook.com,17591,1,1,User,2020-08-06,User,2020-08-14
431,ACDI50c2e82ddd502,IN50c2e82ddd502,Twitter.com,5514,1,1,User,2020-04-19,User,2020-04-25
432,ACDI50c2e82ddd500,IN50c2e82ddd500,Snapchat.com,18496,1,0,User,2022-03-04,User,2022-03-05
433,ACDI50c2e82ddd500,IN50c2e82ddd500,Snapchat.com,18496,1,0,User,2022-03-04,User,2022-03-05
434,ACDI50c2e82ddd503,IN50c2e82ddd503,TikTok.com,788,0,0,User,2022-04-16,User,2022-04-26
435,ACDI50c2e82ddd500,IN50c2e82ddd500,Snapchat.com,18496,1,0,User,2022-03-04,User,2022-03-05
436,ACDI50c2e82ddd503,IN50c2e82ddd503,TikTok.com,788,0,0,User,2022-04-16,User,2022-04-26
437,ACDI50c2e82ddd500,IN50c2e82ddd500,Snapchat.com,18496,1,0,User,2022-03-04,User,2022-03-05
438,ACDI50c2e82ddd500,IN50c2e82ddd500,Snapchat.com,18496,1,0,User,2022-03-04,User,2022-03-05
439,ACDI50c2e82ddd502,IN50c2e82ddd502,Twitter.com,5514,1,1,User,2020-04-19,User,2020-04-25
440,ACDI50c2e82ddd503,IN50c2e82ddd503,TikTok.com,788,0,0,User,2022-04-16,User,2022-04-26
441,ACDI50c2e82ddd501,IN50c2e82ddd501,Facebook.com,17591,1,1,User,2020-08-06,User,2020-08-14
442,ACDI50c2e82ddd503,IN50c2e82ddd503,TikTok.com,788,0,0,User,2022-04-16,User,2022-04-26
443,ACDI50c2e82ddd502,IN50c2e82ddd502,Twitter.com,5514,1,1,User,2020-04-19,User,2020-04-25
444,ACDI50c2e82ddd500,IN50c2e82ddd500,Snapchat.com,18496,1,0,User,2022-03-04,User,2022-03-05
445,ACDI50c2e82ddd502,IN50c2e82ddd502,Twitter.com,5514,1,1,User,2020-04-19,User,2020-04-25
446,ACDI50c2e82ddd502,IN50c2e82ddd502,Twitter.com,5514,1,1,User,2020-04-19,User,2020-04-25
447,ACDI50c2e82ddd502,IN50c2e82ddd502,Twitter.com,5514,1,1,User,2020-04-19,User,2020-04-25
448,ACDI50c2e82ddd502,IN50c2e82ddd502,Twitter.com,5514,1,1,User,2020-04-19,User,2020-04-25
449,ACDI50c2e82ddd500,IN50c2e82ddd500,Snapchat.com,18496,1,0,User,2022-03-04,User,2022-03-05
450,ACDI50c2e82ddd502,IN50c2e82ddd502,Twitter.com,5514,1,1,User,2020-04-19,User,2020-04-25
451,ACDI50c2e82ddd502,IN50c2e82ddd502,Twitter.com,5514,1,1,User,2020-04-19,User,2020-04-25
452,ACDI50c2e82ddd502,IN50c2e82ddd502,Twitter.com,5514,1,1,User,2020-04-19,User,2020-04-25
453,ACDI50c2e82ddd500,IN50c2e82ddd500,Snapchat.com,18496,1,0,User,2022-03-04,User,2022-03-05
454,ACDI50c2e82ddd500,IN50c2e82ddd500,Snapchat.com,18496,1,0,User,2022-03-04,User,2022-03-05
455,ACDI50c2e82ddd501,IN50c2e82ddd501,Facebook.com,17591,1,1,User,2020-08-06,User,2020-08-14
456,ACDI50c2e82ddd503,IN50c2e82ddd503,TikTok.com,788,0,0,User,2022-04-16,User,2022-04-26
457,ACDI50c2e82ddd503,IN50c2e82ddd503,TikTok.com,788,0,0,User,2022-04-16,User,2022-04-26
458,ACDI50c2e82ddd501,IN50c2e82ddd501,Facebook.com,17591,1,1,User,2020-08-06,User,2020-08-14
459,ACDI50c2e82ddd500,IN50c2e82ddd500,Snapchat.com,18496,1,0,User,2022-03-04,User,2022-03-05
460,ACDI50c2e82ddd503,IN50c2e82ddd503,TikTok.com,788,0,0,User,2022-04-16,User,2022-04-26
461,ACDI50c2e82ddd501,IN50c2e82ddd501,Facebook.com,17591,1,1,User,2020-08-06,User,2020-08-14
462,ACDI50c2e82ddd500,IN50c2e82ddd500,Snapchat.com,18496,1,0,User,2022-03-04,User,2022-03-05
463,ACDI50c2e82ddd502,IN50c2e82ddd502,Twitter.com,5514,1,1,User,2020-04-19,User,2020-04-25
464,ACDI50c2e82ddd503,IN50c2e82ddd503,TikTok.com,788,0,0,User,2022-04-16,User,2022-04-26
465,ACDI50c2e82ddd502,IN50c2e82ddd502,Twitter.com,5514,1,1,User,2020-04-19,User,2020-04-25
466,ACDI50c2e82ddd501,IN50c2e82ddd501,Facebook.com,17591,1,1,User,2020-08-06,User,2020-08-14
467,ACDI50c2e82ddd502,IN50c2e82ddd502,Twitter.com,5514,1,1,User,2020-04-19,User,2020-04-25
468,ACDI50c2e82ddd503,IN50c2e82ddd503,TikTok.com,788,0,0,User,2022-04-16,User,2022-04-26
469,ACDI50c2e82ddd500,IN50c2e82ddd500,Snapchat.com,18496,1,0,User,2022-03-04,User,2022-03-05
470,ACDI50c2e82ddd503,IN50c2e82ddd503,TikTok.com,788,0,0,User,2022-04-16,User,2022-04-26
471,ACDI50c2e82ddd500,IN50c2e82ddd500,Snapchat.com,18496,1,0,User,2022-03-04,User,2022-03-05
472,ACDI50c2e82ddd503,IN50c2e82ddd503,TikTok.com,788,0,0,User,2022-04-16,User,2022-04-26
473,ACDI50c2e82ddd500,IN50c2e82ddd500,Snapchat.com,18496,1,0,User,2022-03-04,User,2022-03-05
474,ACDI50c2e82ddd501,IN50c2e82ddd501,Facebook.com,17591,1,1,User,2020-08-06,User,2020-08-14
475,ACDI50c2e82ddd502,IN50c2e82ddd502,Twitter.com,5514,1,1,User,2020-04-19,User,2020-04-25
476,ACDI50c2e82ddd500,IN50c2e82ddd500,Snapchat.com,18496,1,0,User,2022-03-04,User,2022-03-05
477,ACDI50c2e82ddd502,IN50c2e82ddd502,Twitter.com,5514,1,1,User,2020-04-19,User,2020-04-25
478,ACDI50c2e82ddd501,IN50c2e82ddd501,Facebook.com,17591,1,1,User,2020-08-06,User,2020-08-14
479,ACDI50c2e82ddd503,IN50c2e82ddd503,TikTok.com,788,0,0,User,2022-04-16,User,2022-04-26
480,ACDI50c2e82ddd501,IN50c2e82ddd501,Facebook.com,17591,1,1,User,2020-08-06,User,2020-08-14
481,ACDI50c2e82ddd502,IN50c2e82ddd502,Twitter.com,5514,1,1,User,2020-04-19,User,2020-04-25
482,ACDI50c2e82ddd502,IN50c2e82ddd502,Twitter.com,5514,1,1,User,2020-04-19,User,2020-04-25
483,ACDI50c2e82ddd500,IN50c2e82ddd500,Snapchat.com,18496,1,0,User,2022-03-04,User,2022-03-05
484,ACDI50c2e82ddd500,IN50c2e82ddd500,Snapchat.com,18496,1,0,User,2022-03-04,User,2022-03-05
485,ACDI50c2e82ddd502,IN50c2e82ddd502,Twitter.com,5514,1,1,User,2020-04-19,User,2020-04-25
486,ACDI50c2e82ddd503,IN50c2e82ddd503,TikTok.com,788,0,0,User,2022-04-16,User,2022-04-26
487,ACDI50c2e82ddd501,IN50c2e82ddd501,Facebook.com,17591,1,1,User,2020-08-06,User,2020-08-14
488,ACDI50c2e82ddd501,IN50c2e82ddd501,Facebook.com,17591,1,1,User,2020-08-06,User,2020-08-14
489,ACDI50c2e82ddd502,IN50c2e82ddd502,Twitter.com,5514,1,1,User,2020-04-19,User,2020-04-25
490,ACDI50c2e82ddd500,IN50c2e82ddd500,Snapchat.com,18496,1,0,User,2022-03-04,User,2022-03-05
491,ACDI50c2e82ddd501,IN50c2e82ddd501,Facebook.com,17591,1,1,User,2020-08-06,User,2020-08-14
492,ACDI50c2e82ddd501,IN50c2e82ddd501,Facebook.com,17591,1,1,User,2020-08-06,User,2020-08-14
493,ACDI50c2e82ddd503,IN50c2e82ddd503,TikTok.com,788,0,0,User,2022-04-16,User,2022-04-26
494,ACDI50c2e82ddd501,IN50c2e82ddd501,Facebook.com,17591,1,1,User,2020-08-06,User,2020-08-14
495,ACDI50c2e82ddd501,IN50c2e82ddd501,Facebook.com,17591,1,1,User,2020-08-06,User,2020-08-14
496,ACDI50c2e82ddd500,IN50c2e82ddd500,Snapchat.com,18496,1,0,User,2022-03-04,User,2022-03-05
497,ACDI50c2e82ddd503,IN50c2e82ddd503,TikTok.com,788,0,0,User,2022-04-16,User,2022-04-26
498,ACDI50c2e82ddd502,IN50c2e82ddd502,Twitter.com,5514,1,1,User,2020-04-19,User,2020-04-25
499,ACDI50c2e82ddd500,IN50c2e82ddd500,Snapchat.com,18496,1,0,User,2022-03-04,User,2022-03-05
500,ACDI50c2e82ddd503,IN50c2e82ddd503,TikTok.com,788,0,0,User,2022-04-16,User,2022-04-26
501,ACDI50c2e82ddd501,IN50c2e82ddd501,Facebook.com,17591,1,1,User,2020-08-06,User,2020-08-14
502,ACDI50c2e82ddd502,IN50c2e82ddd502,Twitter.com,5514,1,1,User,2020-04-19,User,2020-04-25
503,ACDI50c2e82ddd500,IN50c2e82ddd500,Snapchat.com,18496,1,0,User,2022-03-04,User,2022-03-05
504,ACDI50c2e82ddd501,IN50c2e82ddd501,Facebook.com,17591,1,1,User,2020-08-06,User,2020-08-14
505,ACDI50c2e82ddd501,IN50c2e82ddd501,Facebook.com,17591,1,1,User,2020-08-06,User,2020-08-14
506,ACDI50c2e82ddd502,IN50c2e82ddd502,Twitter.com,5514,1,1,User,2020-04-19,User,2020-04-25
507,ACDI50c2e82ddd501,IN50c2e82ddd501,Facebook.com,17591,1,1,User,2020-08-06,User,2020-08-14
508,ACDI50c2e82ddd501,IN50c2e82ddd501,Facebook.com,17591,1,1,User,2020-08-06,User,2020-08-14
509,ACDI50c2e82ddd502,IN50c2e82ddd502,Twitter.com,5514,1,1,User,2020-04-19,User,2020-04-25
510,ACDI50c2e82ddd501,IN50c2e82ddd501,Facebook.com,17591,1,1,User,2020-08-06,User,2020-08-14
511,ACDI50c2e82ddd500,IN50c2e82ddd500,Snapchat.com,18496,1,0,User,2022-03-04,User,2022-03-05
512,ACDI50c2e82ddd503,IN50c2e82ddd503,TikTok.com,788,0,0,User,2022-04-16,User,2022-04-26
513,ACDI50c2e82ddd501,IN50c2e82ddd501,Facebook.com,17591,1,1,User,2020-08-06,User,2020-08-14
514,ACDI50c2e82ddd503,IN50c2e82ddd503,TikTok.com,788,0,0,User,2022-04-16,User,2022-04-26
515,ACDI50c2e82ddd503,IN50c2e82ddd503,TikTok.com,788,0,0,User,2022-04-16,User,2022-04-26
516,ACDI50c2e82ddd503,IN50c2e82ddd503,TikTok.com,788,0,0,User,2022-04-16,User,2022-04-26
517,ACDI50c2e82ddd500,IN50c2e82ddd500,Snapchat.com,18496,1,0,User,2022-03-04,User,2022-03-05
518,ACDI50c2e82ddd502,IN50c2e82ddd502,Twitter.com,5514,1,1,User,2020-04-19,User,2020-04-25
519,ACDI50c2e82ddd503,IN50c2e82ddd503,TikTok.com,788,0,0,User,2022-04-16,User,2022-04-26
520,ACDI50c2e82ddd501,IN50c2e82ddd501,Facebook.com,17591,1,1,User,2020-08-06,User,2020-08-14
521,ACDI50c2e82ddd501,IN50c2e82ddd501,Facebook.com,17591,1,1,User,2020-08-06,User,2020-08-14
522,ACDI50c2e82ddd501,IN50c2e82ddd501,Facebook.com,17591,1,1,User,2020-08-06,User,2020-08-14
523,ACDI50c2e82ddd501,IN50c2e82ddd501,Facebook.com,17591,1,1,User,2020-08-06,User,2020-08-14
524,ACDI50c2e82ddd502,IN50c2e82ddd502,Twitter.com,5514,1,1,User,2020-04-19,User,2020-04-25
525,ACDI50c2e82ddd501,IN50c2e82ddd501,Facebook.com,17591,1,1,User,2020-08-06,User,2020-08-14
526,ACDI50c2e82ddd500,IN50c2e82ddd500,Snapchat.com,18496,1,0,User,2022-03-04,User,2022-03-05
527,ACDI50c2e82ddd502,IN50c2e82ddd502,Twitter.com,5514,1,1,User,2020-04-19,User,2020-04-25
528,ACDI50c2e82ddd501,IN50c2e82ddd501,Facebook.com,17591,1,1,User,2020-08-06,User,2020-08-14
529,ACDI50c2e82ddd502,IN50c2e82ddd502,Twitter.com,5514,1,1,User,2020-04-19,User,2020-04-25
530,ACDI50c2e82ddd502,IN50c2e82ddd502,Twitter.com,5514,1,1,User,2020-04-19,User,2020-04-25
531,ACDI50c2e82ddd501,IN50c2e82ddd501,Facebook.com,17591,1,1,User,2020-08-06,User,2020-08-14
532,ACDI50c2e82ddd503,IN50c2e82ddd503,TikTok.com,788,0,0,User,2022-04-16,User,2022-04-26
533,ACDI50c2e82ddd500,IN50c2e82ddd500,Snapchat.com,18496,1,0,User,2022-03-04,User,2022-03-05
534,ACDI50c2e82ddd503,IN50c2e82ddd503,TikTok.com,788,0,0,User,2022-04-16,User,2022-04-26
535,ACDI50c2e82ddd501,IN50c2e82ddd501,Facebook.com,17591,1,1,User,2020-08-06,User,2020-08-14
536,ACDI50c2e82ddd501,IN50c2e82ddd501,Facebook.com,17591,1,1,User,2020-08-06,User,2020-08-14
537,ACDI50c2e82ddd503,IN50c2e82ddd503,TikTok.com,788,0,0,User,2022-04-16,User,2022-04-26
538,ACDI50c2e82ddd503,IN50c2e82ddd503,TikTok.com,788,0,0,User,2022-04-16,User,2022-04-26
539,ACDI50c2e82ddd500,IN50c2e82ddd500,Snapchat.com,18496,1,0,User,2022-03-04,User,2022-03-05
540,ACDI50c2e82ddd500,IN50c2e82ddd500,Snapchat.com,18496,1,0,User,2022-03-04,User,2022-03-05
541,ACDI50c2e82ddd503,IN50c2e82ddd503,TikTok.com,788,0,0,User,2022-04-16,User,2022-04-26
542,ACDI50c2e82ddd500,IN50c2e82ddd500,Snapchat.com,18496,1,0,User,2022-03-04,User,2022-03-05
543,ACDI50c2e82ddd503,IN50c2e82ddd503,TikTok.com,788,0,0,User,2022-04-16,User,2022-04-26
544,ACDI50c2e82ddd503,IN50c2e82ddd503,TikTok.com,788,0,0,User,2022-04-16,User,2022-04-26
545,ACDI50c2e82ddd502,IN50c2e82ddd502,Twitter.com,5514,1,1,User,2020-04-19,User,2020-04-25
546,ACDI50c2e82ddd500,IN50c2e82ddd500,Snapchat.com,18496,1,0,User,2022-03-04,User,2022-03-05
547,ACDI50c2e82ddd501,IN50c2e82ddd501,Facebook.com,17591,1,1,User,2020-08-06,User,2020-08-14
548,ACDI50c2e82ddd501,IN50c2e82ddd501,Facebook.com,17591,1,1,User,2020-08-06,User,2020-08-14
549,ACDI50c2e82ddd501,IN50c2e82ddd501,Facebook.com,17591,1,1,User,2020-08-06,User,2020-08-14
550,ACDI50c2e82ddd501,IN50c2e82ddd501,Facebook.com,17591,1,1,User,2020-08-06,User,2020-08-14
551,ACDI50c2e82ddd502,IN50c2e82ddd502,Twitter.com,5514,1,1,User,2020-04-19,User,2020-04-25
552,ACDI50c2e82ddd502,IN50c2e82ddd502,Twitter.com,5514,1,1,User,2020-04-19,User,2020-04-25
553,ACDI50c2e82ddd503,IN50c2e82ddd503,TikTok.com,788,0,0,User,2022-04-16,User,2022-04-26
554,ACDI50c2e82ddd500,IN50c2e82ddd500,Snapchat.com,18496,1,0,User,2022-03-04,User,2022-03-05
555,ACDI50c2e82ddd501,IN50c2e82ddd501,Facebook.com,17591,1,1,User,2020-08-06,User,2020-08-14
556,ACDI50c2e82ddd501,IN50c2e82ddd501,Facebook.com,17591,1,1,User,2020-08-06,User,2020-08-14
557,ACDI50c2e82ddd500,IN50c2e82ddd500,Snapchat.com,18496,1,0,User,2022-03-04,User,2022-03-05
558,ACDI50c2e82ddd502,IN50c2e82ddd502,Twitter.com,5514,1,1,User,2020-04-19,User,2020-04-25
559,ACDI50c2e82ddd501,IN50c2e82ddd501,Facebook.com,17591,1,1,User,2020-08-06,User,2020-08-14
560,ACDI50c2e82ddd502,IN50c2e82ddd502,Twitter.com,5514,1,1,User,2020-04-19,User,2020-04-25
561,ACDI50c2e82ddd502,IN50c2e82ddd502,Twitter.com,5514,1,1,User,2020-04-19,User,2020-04-25
562,ACDI50c2e82ddd501,IN50c2e82ddd501,Facebook.com,17591,1,1,User,2020-08-06,User,2020-08-14
563,ACDI50c2e82ddd500,IN50c2e82ddd500,Snapchat.com,18496,1,0,User,2022-03-04,User,2022-03-05
564,ACDI50c2e82ddd500,IN50c2e82ddd500,Snapchat.com,18496,1,0,User,2022-03-04,User,2022-03-05
565,ACDI50c2e82ddd503,IN50c2e82ddd503,TikTok.com,788,0,0,User,2022-04-16,User,2022-04-26
566,ACDI50c2e82ddd502,IN50c2e82ddd502,Twitter.com,5514,1,1,User,2020-04-19,User,2020-04-25
567,ACDI50c2e82ddd503,IN50c2e82ddd503,TikTok.com,788,0,0,User,2022-04-16,User,2022-04-26
568,ACDI50c2e82ddd501,IN50c2e82ddd501,Facebook.com,17591,1,1,User,2020-08-06,User,2020-08-14
569,ACDI50c2e82ddd500,IN50c2e82ddd500,Snapchat.com,18496,1,0,User,2022-03-04,User,2022-03-05
570,ACDI50c2e82ddd502,IN50c2e82ddd502,Twitter.com,5514,1,1,User,2020-04-19,User,2020-04-25
571,ACDI50c2e82ddd500,IN50c2e82ddd500,Snapchat.com,18496,1,0,User,2022-03-04,User,2022-03-05
572,ACDI50c2e82ddd500,IN50c2e82ddd500,Snapchat.com,18496,1,0,User,2022-03-04,User,2022-03-05
573,ACDI50c2e82ddd500,IN50c2e82ddd500,Snapchat.com,18496,1,0,User,2022-03-04,User,2022-03-05
574,ACDI50c2e82ddd502,IN50c2e82ddd502,Twitter.com,5514,1,1,User,2020-04-19,User,2020-04-25
575,ACDI50c2e82ddd502,IN50c2e82ddd502,Twitter.com,5514,1,1,User,2020-04-19,User,2020-04-25
576,ACDI50c2e82ddd500,IN50c2e82ddd500,Snapchat.com,18496,1,0,User,2022-03-04,User,2022-03-05
577,ACDI50c2e82ddd500,IN50c2e82ddd500,Snapchat.com,18496,1,0,User,2022-03-04,User,2022-03-05
578,ACDI50c2e82ddd501,IN50c2e82ddd501,Facebook.com,17591,1,1,User,2020-08-06,User,2020-08-14
579,ACDI50c2e82ddd500,IN50c2e82ddd500,Snapchat.com,18496,1,0,User,2022-03-04,User,2022-03-05
580,ACDI50c2e82ddd500,IN50c2e82ddd500,Snapchat.com,18496,1,0,User,2022-03-04,User,2022-03-05
581,ACDI50c2e82ddd503,IN50c2e82ddd503,TikTok.com,788,0,0,User,2022-04-16,User,2022-04-26
582,ACDI50c2e82ddd503,IN50c2e82ddd503,TikTok.com,788,0,0,User,2022-04-16,User,2022-04-26
583,ACDI50c2e82ddd503,IN50c2e82ddd503,TikTok.com,788,0,0,User,2022-04-16,User,2022-04-26
584,ACDI50c2e82ddd500,IN50c2e82ddd500,Snapchat.com,18496,1,0,User,2022-03-04,User,2022-03-05
585,ACDI50c2e82ddd503,IN50c2e82ddd503,TikTok.com,788,0,0,User,2022-04-16,User,2022-04-26
586,ACDI50c2e82ddd503,IN50c2e82ddd503,TikTok.com,788,0,0,User,2022-04-16,User,2022-04-26
587,ACDI50c2e82ddd500,IN50c2e82ddd500,Snapchat.com,18496,1,0,User,2022-03-04,User,2022-03-05
588,ACDI50c2e82ddd503,IN50c2e82ddd503,TikTok.com,788,0,0,User,2022-04-16,User,2022-04-26
589,ACDI50c2e82ddd503,IN50c2e82ddd503,TikTok.com,788,0,0,User,2022-04-16,User,2022-04-26
590,ACDI50c2e82ddd502,IN50c2e82ddd502,Twitter.com,5514,1,1,User,2020-04-19,User,2020-04-25
591,ACDI50c2e82ddd501,IN50c2e82ddd501,Facebook.com,17591,1,1,User,2020-08-06,User,2020-08-14
592,ACDI50c2e82ddd501,IN50c2e82ddd501,Facebook.com,17591,1,1,User,2020-08-06,User,2020-08-14
593,ACDI50c2e82ddd503,IN50c2e82ddd503,TikTok.com,788,0,0,User,2022-04-16,User,2022-04-26
594,ACDI50c2e82ddd500,IN50c2e82ddd500,Snapchat.com,18496,1,0,User,2022-03-04,User,2022-03-05
595,ACDI50c2e82ddd501,IN50c2e82ddd501,Facebook.com,17591,1,1,User,2020-08-06,User,2020-08-14
596,ACDI50c2e82ddd502,IN50c2e82ddd502,Twitter.com,5514,1,1,User,2020-04-19,User,2020-04-25
597,ACDI50c2e82ddd503,IN50c2e82ddd503,TikTok.com,788,0,0,User,2022-04-16,User,2022-04-26
598,ACDI50c2e82ddd501,IN50c2e82ddd501,Facebook.com,17591,1,1,User,2020-08-06,User,2020-08-14
599,ACDI50c2e82ddd500,IN50c2e82ddd500,Snapchat.com,18496,1,0,User,2022-03-04,User,2022-03-05
600,ACDI50c2e82ddd501,IN50c2e82ddd501,Facebook.com,17591,1,1,User,2020-08-06,User,2020-08-14
601,ACDI50c2e82ddd503,IN50c2e82ddd503,TikTok.com,788,0,0,User,2022-04-16,User,2022-04-26
602,ACDI50c2e82ddd502,IN50c2e82ddd502,Twitter.com,5514,1,1,User,2020-04-19,User,2020-04-25
603,ACDI50c2e82ddd500,IN50c2e82ddd500,Snapchat.com,18496,1,0,User,2022-03-04,User,2022-03-05
604,ACDI50c2e82ddd501,IN50c2e82ddd501,Facebook.com,17591,1,1,User,2020-08-06,User,2020-08-14
605,ACDI50c2e82ddd500,IN50c2e82ddd500,Snapchat.com,18496,1,0,User,2022-03-04,User,2022-03-05
606,ACDI50c2e82ddd501,IN50c2e82ddd501,Facebook.com,17591,1,1,User,2020-08-06,User,2020-08-14
607,ACDI50c2e82ddd500,IN50c2e82ddd500,Snapchat.com,18496,1,0,User,2022-03-04,User,2022-03-05
608,ACDI50c2e82ddd502,IN50c2e82ddd502,Twitter.com,5514,1,1,User,2020-04-19,User,2020-04-25
609,ACDI50c2e82ddd502,IN50c2e82ddd502,Twitter.com,5514,1,1,User,2020-04-19,User,2020-04-25
610,ACDI50c2e82ddd503,IN50c2e82ddd503,TikTok.com,788,0,0,User,2022-04-16,User,2022-04-26
611,ACDI50c2e82ddd500,IN50c2e82ddd500,Snapchat.com,18496,1,0,User,2022-03-04,User,2022-03-05
612,ACDI50c2e82ddd501,IN50c2e82ddd501,Facebook.com,17591,1,1,User,2020-08-06,User,2020-08-14
613,ACDI50c2e82ddd500,IN50c2e82ddd500,Snapchat.com,18496,1,0,User,2022-03-04,User,2022-03-05
614,ACDI50c2e82ddd500,IN50c2e82ddd500,Snapchat.com,18496,1,0,User,2022-03-04,User,2022-03-05
615,ACDI50c2e82ddd502,IN50c2e82ddd502,Twitter.com,5514,1,1,User,2020-04-19,User,2020-04-25
616,ACDI50c2e82ddd502,IN50c2e82ddd502,Twitter.com,5514,1,1,User,2020-04-19,User,2020-04-25
617,ACDI50c2e82ddd501,IN50c2e82ddd501,Facebook.com,17591,1,1,User,2020-08-06,User,2020-08-14
618,ACDI50c2e82ddd502,IN50c2e82ddd502,Twitter.com,5514,1,1,User,2020-04-19,User,2020-04-25
619,ACDI50c2e82ddd503,IN50c2e82ddd503,TikTok.com,788,0,0,User,2022-04-16,User,2022-04-26
620,ACDI50c2e82ddd500,IN50c2e82ddd500,Snapchat.com,18496,1,0,User,2022-03-04,User,2022-03-05
621,ACDI50c2e82ddd501,IN50c2e82ddd501,Facebook.com,17591,1,1,User,2020-08-06,User,2020-08-14
622,ACDI50c2e82ddd502,IN50c2e82ddd502,Twitter.com,5514,1,1,User,2020-04-19,User,2020-04-25
623,ACDI50c2e82ddd501,IN50c2e82ddd501,Facebook.com,17591,1,1,User,2020-08-06,User,2020-08-14
624,ACDI50c2e82ddd501,IN50c2e82ddd501,Facebook.com,17591,1,1,User,2020-08-06,User,2020-08-14
625,ACDI50c2e82ddd500,IN50c2e82ddd500,Snapchat.com,18496,1,0,User,2022-03-04,User,2022-03-05
626,ACDI50c2e82ddd503,IN50c2e82ddd503,TikTok.com,788,0,0,User,2022-04-16,User,2022-04-26
627,ACDI50c2e82ddd503,IN50c2e82ddd503,TikTok.com,788,0,0,User,2022-04-16,User,2022-04-26
628,ACDI50c2e82ddd501,IN50c2e82ddd501,Facebook.com,17591,1,1,User,2020-08-06,User,2020-08-14
629,ACDI50c2e82ddd502,IN50c2e82ddd502,Twitter.com,5514,1,1,User,2020-04-19,User,2020-04-25
630,ACDI50c2e82ddd501,IN50c2e82ddd501,Facebook.com,17591,1,1,User,2020-08-06,User,2020-08-14
631,ACDI50c2e82ddd502,IN50c2e82ddd502,Twitter.com,5514,1,1,User,2020-04-19,User,2020-04-25
632,ACDI50c2e82ddd501,IN50c2e82ddd501,Facebook.com,17591,1,1,User,2020-08-06,User,2020-08-14
633,ACDI50c2e82ddd500,IN50c2e82ddd500,Snapchat.com,18496,1,0,User,2022-03-04,User,2022-03-05
634,ACDI50c2e82ddd503,IN50c2e82ddd503,TikTok.com,788,0,0,User,2022-04-16,User,2022-04-26
635,ACDI50c2e82ddd500,IN50c2e82ddd500,Snapchat.com,18496,1,0,User,2022-03-04,User,2022-03-05
636,ACDI50c2e82ddd500,IN50c2e82ddd500,Snapchat.com,18496,1,0,User,2022-03-04,User,2022-03-05
637,ACDI50c2e82ddd502,IN50c2e82ddd502,Twitter.com,5514,1,1,User,2020-04-19,User,2020-04-25
638,ACDI50c2e82ddd502,IN50c2e82ddd502,Twitter.com,5514,1,1,User,2020-04-19,User,2020-04-25
639,ACDI50c2e82ddd501,IN50c2e82ddd501,Facebook.com,17591,1,1,User,2020-08-06,User,2020-08-14
640,ACDI50c2e82ddd500,IN50c2e82ddd500,Snapchat.com,18496,1,0,User,2022-03-04,User,2022-03-05
641,ACDI50c2e82ddd503,IN50c2e82ddd503,TikTok.com,788,0,0,User,2022-04-16,User,2022-04-26
642,ACDI50c2e82ddd502,IN50c2e82ddd502,Twitter.com,5514,1,1,User,2020-04-19,User,2020-04-25
643,ACDI50c2e82ddd502,IN50c2e82ddd502,Twitter.com,5514,1,1,User,2020-04-19,User,2020-04-25
644,ACDI50c2e82ddd503,IN50c2e82ddd503,TikTok.com,788,0,0,User,2022-04-16,User,2022-04-26
645,ACDI50c2e82ddd503,IN50c2e82ddd503,TikTok.com,788,0,0,User,2022-04-16,User,2022-04-26
646,ACDI50c2e82ddd501,IN50c2e82ddd501,Facebook.com,17591,1,1,User,2020-08-06,User,2020-08-14
647,ACDI50c2e82ddd500,IN50c2e82ddd500,Snapchat.com,18496,1,0,User,2022-03-04,User,2022-03-05
648,ACDI50c2e82ddd500,IN50c2e82ddd500,Snapchat.com,18496,1,0,User,2022-03-04,User,2022-03-05
649,ACDI50c2e82ddd500,IN50c2e82ddd500,Snapchat.com,18496,1,0,User,2022-03-04,User,2022-03-05
650,ACDI50c2e82ddd500,IN50c2e82ddd500,Snapchat.com,18496,1,0,User,2022-03-04,User,2022-03-05
651,ACDI50c2e82ddd500,IN50c2e82ddd500,Snapchat.com,18496,1,0,User,2022-03-04,User,2022-03-05
652,ACDI50c2e82ddd502,IN50c2e82ddd502,Twitter.com,5514,1,1,User,2020-04-19,User,2020-04-25
653,ACDI50c2e82ddd503,IN50c2e82ddd503,TikTok.com,788,0,0,User,2022-04-16,User,2022-04-26
654,ACDI50c2e82ddd500,IN50c2e82ddd500,Snapchat.com,18496,1,0,User,2022-03-04,User,2022-03-05
655,ACDI50c2e82ddd500,IN50c2e82ddd500,Snapchat.com,18496,1,0,User,2022-03-04,User,2022-03-05
656,ACDI50c2e82ddd501,IN50c2e82ddd501,Facebook.com,17591,1,1,User,2020-08-06,User,2020-08-14
657,ACDI50c2e82ddd500,IN50c2e82ddd500,Snapchat.com,18496,1,0,User,2022-03-04,User,2022-03-05
658,ACDI50c2e82ddd500,IN50c2e82ddd500,Snapchat.com,18496,1,0,User,2022-03-04,User,2022-03-05
659,ACDI50c2e82ddd501,IN50c2e82ddd501,Facebook.com,17591,1,1,User,2020-08-06,User,2020-08-14
660,ACDI50c2e82ddd501,IN50c2e82ddd501,Facebook.com,17591,1,1,User,2020-08-06,User,2020-08-14
661,ACDI50c2e82ddd500,IN50c2e82ddd500,Snapchat.com,18496,1,0,User,2022-03-04,User,2022-03-05
662,ACDI50c2e82ddd503,IN50c2e82ddd503,TikTok.com,788,0,0,User,2022-04-16,User,2022-04-26
663,ACDI50c2e82ddd503,IN50c2e82ddd503,TikTok.com,788,0,0,User,2022-04-16,User,2022-04-26
664,ACDI50c2e82ddd502,IN50c2e82ddd502,Twitter.com,5514,1,1,User,2020-04-19,User,2020-04-25
665,ACDI50c2e82ddd500,IN50c2e82ddd500,Snapchat.com,18496,1,0,User,2022-03-04,User,2022-03-05
666,ACDI50c2e82ddd502,IN50c2e82ddd502,Twitter.com,5514,1,1,User,2020-04-19,User,2020-04-25
667,ACDI50c2e82ddd501,IN50c2e82ddd501,Facebook.com,17591,1,1,User,2020-08-06,User,2020-08-14
668,ACDI50c2e82ddd500,IN50c2e82ddd500,Snapchat.com,18496,1,0,User,2022-03-04,User,2022-03-05
669,ACDI50c2e82ddd500,IN50c2e82ddd500,Snapchat.com,18496,1,0,User,2022-03-04,User,2022-03-05
670,ACDI50c2e82ddd501,IN50c2e82ddd501,Facebook.com,17591,1,1,User,2020-08-06,User,2020-08-14
671,ACDI50c2e82ddd502,IN50c2e82ddd502,Twitter.com,5514,1,1,User,2020-04-19,User,2020-04-25
672,ACDI50c2e82ddd501,IN50c2e82ddd501,Facebook.com,17591,1,1,User,2020-08-06,User,2020-08-14
673,ACDI50c2e82ddd502,IN50c2e82ddd502,Twitter.com,5514,1,1,User,2020-04-19,User,2020-04-25
674,ACDI50c2e82ddd500,IN50c2e82ddd500,Snapchat.com,18496,1,0,User,2022-03-04,User,2022-03-05
675,ACDI50c2e82ddd503,IN50c2e82ddd503,TikTok.com,788,0,0,User,2022-04-16,User,2022-04-26
676,ACDI50c2e82ddd502,IN50c2e82ddd502,Twitter.com,5514,1,1,User,2020-04-19,User,2020-04-25
677,ACDI50c2e82ddd503,IN50c2e82ddd503,TikTok.com,788,0,0,User,2022-04-16,User,2022-04-26
678,ACDI50c2e82ddd503,IN50c2e82ddd503,TikTok.com,788,0,0,User,2022-04-16,User,2022-04-26
679,ACDI50c2e82ddd502,IN50c2e82ddd502,Twitter.com,5514,1,1,User,2020-04-19,User,2020-04-25
680,ACDI50c2e82ddd503,IN50c2e82ddd503,TikTok.com,788,0,0,User,2022-04-16,User,2022-04-26
681,ACDI50c2e82ddd500,IN50c2e82ddd500,Snapchat.com,18496,1,0,User,2022-03-04,User,2022-03-05
682,ACDI50c2e82ddd503,IN50c2e82ddd503,TikTok.com,788,0,0,User,2022-04-16,User,2022-04-26
683,ACDI50c2e82ddd500,IN50c2e82ddd500,Snapchat.com,18496,1,0,User,2022-03-04,User,2022-03-05
684,ACDI50c2e82ddd500,IN50c2e82ddd500,Snapchat.com,18496,1,0,User,2022-03-04,User,2022-03-05
685,ACDI50c2e82ddd503,IN50c2e82ddd503,TikTok.com,788,0,0,User,2022-04-16,User,2022-04-26
686,ACDI50c2e82ddd501,IN50c2e82ddd501,Facebook.com,17591,1,1,User,2020-08-06,User,2020-08-14
687,ACDI50c2e82ddd502,IN50c2e82ddd502,Twitter.com,5514,1,1,User,2020-04-19,User,2020-04-25
688,ACDI50c2e82ddd500,IN50c2e82ddd500,Snapchat.com,18496,1,0,User,2022-03-04,User,2022-03-05
689,ACDI50c2e82ddd502,IN50c2e82ddd502,Twitter.com,5514,1,1,User,2020-04-19,User,2020-04-25
690,ACDI50c2e82ddd500,IN50c2e82ddd500,Snapchat.com,18496,1,0,User,2022-03-04,User,2022-03-05
691,ACDI50c2e82ddd501,IN50c2e82ddd501,Facebook.com,17591,1,1,User,2020-08-06,User,2020-08-14
692,ACDI50c2e82ddd501,IN50c2e82ddd501,Facebook.com,17591,1,1,User,2020-08-06,User,2020-08-14
693,ACDI50c2e82ddd502,IN50c2e82ddd502,Twitter.com,5514,1,1,User,2020-04-19,User,2020-04-25
694,ACDI50c2e82ddd500,IN50c2e82ddd500,Snapchat.com,18496,1,0,User,2022-03-04,User,2022-03-05
695,ACDI50c2e82ddd502,IN50c2e82ddd502,Twitter.com,5514,1,1,User,2020-04-19,User,2020-04-25
696,ACDI50c2e82ddd503,IN50c2e82ddd503,TikTok.com,788,0,0,User,2022-04-16,User,2022-04-26
697,ACDI50c2e82ddd503,IN50c2e82ddd503,TikTok.com,788,0,0,User,2022-04-16,User,2022-04-26
698,ACDI50c2e82ddd502,IN50c2e82ddd502,Twitter.com,5514,1,1,User,2020-04-19,User,2020-04-25
699,ACDI50c2e82ddd501,IN50c2e82ddd501,Facebook.com,17591,1,1,User,2020-08-06,User,2020-08-14
700,ACDI50c2e82ddd502,IN50c2e82ddd502,Twitter.com,5514,1,1,User,2020-04-19,User,2020-04-25
701,ACDI50c2e82ddd503,IN50c2e82ddd503,TikTok.com,788,0,0,User,2022-04-16,User,2022-04-26
702,ACDI50c2e82ddd500,IN50c2e82ddd500,Snapchat.com,18496,1,0,User,2022-03-04,User,2022-03-05
703,ACDI50c2e82ddd500,IN50c2e82ddd500,Snapchat.com,18496,1,0,User,2022-03-04,User,2022-03-05
704,ACDI50c2e82ddd501,IN50c2e82ddd501,Facebook.com,17591,1,1,User,2020-08-06,User,2020-08-14
705,ACDI50c2e82ddd502,IN50c2e82ddd502,Twitter.com,5514,1,1,User,2020-04-19,User,2020-04-25
706,ACDI50c2e82ddd503,IN50c2e82ddd503,TikTok.com,788,0,0,User,2022-04-16,User,2022-04-26
707,ACDI50c2e82ddd503,IN50c2e82ddd503,TikTok.com,788,0,0,User,2022-04-16,User,2022-04-26
708,ACDI50c2e82ddd501,IN50c2e82ddd501,Facebook.com,17591,1,1,User,2020-08-06,User,2020-08-14
709,ACDI50c2e82ddd501,IN50c2e82ddd501,Facebook.com,17591,1,1,User,2020-08-06,User,2020-08-14
710,ACDI50c2e82ddd502,IN50c2e82ddd502,Twitter.com,5514,1,1,User,2020-04-19,User,2020-04-25
711,ACDI50c2e82ddd500,IN50c2e82ddd500,Snapchat.com,18496,1,0,User,2022-03-04,User,2022-03-05
712,ACDI50c2e82ddd501,IN50c2e82ddd501,Facebook.com,17591,1,1,User,2020-08-06,User,2020-08-14
713,ACDI50c2e82ddd502,IN50c2e82ddd502,Twitter.com,5514,1,1,User,2020-04-19,User,2020-04-25
714,ACDI50c2e82ddd500,IN50c2e82ddd500,Snapchat.com,18496,1,0,User,2022-03-04,User,2022-03-05
715,ACDI50c2e82ddd500,IN50c2e82ddd500,Snapchat.com,18496,1,0,User,2022-03-04,User,2022-03-05
716,ACDI50c2e82ddd500,IN50c2e82ddd500,Snapchat.com,18496,1,0,User,2022-03-04,User,2022-03-05
717,ACDI50c2e82ddd503,IN50c2e82ddd503,TikTok.com,788,0,0,User,2022-04-16,User,2022-04-26
718,ACDI50c2e82ddd503,IN50c2e82ddd503,TikTok.com,788,0,0,User,2022-04-16,User,2022-04-26
719,ACDI50c2e82ddd502,IN50c2e82ddd502,Twitter.com,5514,1,1,User,2020-04-19,User,2020-04-25
720,ACDI50c2e82ddd500,IN50c2e82ddd500,Snapchat.com,18496,1,0,User,2022-03-04,User,2022-03-05
721,ACDI50c2e82ddd501,IN50c2e82ddd501,Facebook.com,17591,1,1,User,2020-08-06,User,2020-08-14
722,ACDI50c2e82ddd500,IN50c2e82ddd500,Snapchat.com,18496,1,0,User,2022-03-04,User,2022-03-05
723,ACDI50c2e82ddd500,IN50c2e82ddd500,Snapchat.com,18496,1,0,User,2022-03-04,User,2022-03-05
724,ACDI50c2e82ddd503,IN50c2e82ddd503,TikTok.com,788,0,0,User,2022-04-16,User,2022-04-26
725,ACDI50c2e82ddd503,IN50c2e82ddd503,TikTok.com,788,0,0,User,2022-04-16,User,2022-04-26
726,ACDI50c2e82ddd501,IN50c2e82ddd501,Facebook.com,17591,1,1,User,2020-08-06,User,2020-08-14
727,ACDI50c2e82ddd503,IN50c2e82ddd503,TikTok.com,788,0,0,User,2022-04-16,User,2022-04-26
728,ACDI50c2e82ddd503,IN50c2e82ddd503,TikTok.com,788,0,0,User,2022-04-16,User,2022-04-26
729,ACDI50c2e82ddd501,IN50c2e82ddd501,Facebook.com,17591,1,1,User,2020-08-06,User,2020-08-14
730,ACDI50c2e82ddd502,IN50c2e82ddd502,Twitter.com,5514,1,1,User,2020-04-19,User,2020-04-25
731,ACDI50c2e82ddd503,IN50c2e82ddd503,TikTok.com,788,0,0,User,2022-04-16,User,2022-04-26
732,ACDI50c2e82ddd502,IN50c2e82ddd502,Twitter.com,5514,1,1,User,2020-04-19,User,2020-04-25
733,ACDI50c2e82ddd503,IN50c2e82ddd503,TikTok.com,788,0,0,User,2022-04-16,User,2022-04-26
734,ACDI50c2e82ddd501,IN50c2e82ddd501,Facebook.com,17591,1,1,User,2020-08-06,User,2020-08-14
735,ACDI50c2e82ddd500,IN50c2e82ddd500,Snapchat.com,18496,1,0,User,2022-03-04,User,2022-03-05
736,ACDI50c2e82ddd500,IN50c2e82ddd500,Snapchat.com,18496,1,0,User,2022-03-04,User,2022-03-05
737,ACDI50c2e82ddd500,IN50c2e82ddd500,Snapchat.com,18496,1,0,User,2022-03-04,User,2022-03-05
738,ACDI50c2e82ddd500,IN50c2e82ddd500,Snapchat.com,18496,1,0,User,2022-03-04,User,2022-03-05
739,ACDI50c2e82ddd503,IN50c2e82ddd503,TikTok.com,788,0,0,User,2022-04-16,User,2022-04-26
740,ACDI50c2e82ddd501,IN50c2e82ddd501,Facebook.com,17591,1,1,User,2020-08-06,User,2020-08-14
741,ACDI50c2e82ddd503,IN50c2e82ddd503,TikTok.com,788,0,0,User,2022-04-16,User,2022-04-26
742,ACDI50c2e82ddd501,IN50c2e82ddd501,Facebook.com,17591,1,1,User,2020-08-06,User,2020-08-14
743,ACDI50c2e82ddd502,IN50c2e82ddd502,Twitter.com,5514,1,1,User,2020-04-19,User,2020-04-25
744,ACDI50c2e82ddd501,IN50c2e82ddd501,Facebook.com,17591,1,1,User,2020-08-06,User,2020-08-14
745,ACDI50c2e82ddd503,IN50c2e82ddd503,TikTok.com,788,0,0,User,2022-04-16,User,2022-04-26
746,ACDI50c2e82ddd500,IN50c2e82ddd500,Snapchat.com,18496,1,0,User,2022-03-04,User,2022-03-05
747,ACDI50c2e82ddd503,IN50c2e82ddd503,TikTok.com,788,0,0,User,2022-04-16,User,2022-04-26
748,ACDI50c2e82ddd500,IN50c2e82ddd500,Snapchat.com,18496,1,0,User,2022-03-04,User,2022-03-05
749,ACDI50c2e82ddd503,IN50c2e82ddd503,TikTok.com,788,0,0,User,2022-04-16,User,2022-04-26
750,ACDI50c2e82ddd500,IN50c2e82ddd500,Snapchat.com,18496,1,0,User,2022-03-04,User,2022-03-05
751,ACDI50c2e82ddd500,IN50c2e82ddd500,Snapchat.com,18496,1,0,User,2022-03-04,User,2022-03-05
752,ACDI50c2e82ddd503,IN50c2e82ddd503,TikTok.com,788,0,0,User,2022-04-16,User,2022-04-26
753,ACDI50c2e82ddd502,IN50c2e82ddd502,Twitter.com,5514,1,1,User,2020-04-19,User,2020-04-25
754,ACDI50c2e82ddd503,IN50c2e82ddd503,TikTok.com,788,0,0,User,2022-04-16,User,2022-04-26
755,ACDI50c2e82ddd503,IN50c2e82ddd503,TikTok.com,788,0,0,User,2022-04-16,User,2022-04-26
756,ACDI50c2e82ddd501,IN50c2e82ddd501,Facebook.com,17591,1,1,User,2020-08-06,User,2020-08-14
757,ACDI50c2e82ddd502,IN50c2e82ddd502,Twitter.com,5514,1,1,User,2020-04-19,User,2020-04-25
758,ACDI50c2e82ddd500,IN50c2e82ddd500,Snapchat.com,18496,1,0,User,2022-03-04,User,2022-03-05
759,ACDI50c2e82ddd503,IN50c2e82ddd503,TikTok.com,788,0,0,User,2022-04-16,User,2022-04-26
760,ACDI50c2e82ddd502,IN50c2e82ddd502,Twitter.com,5514,1,1,User,2020-04-19,User,2020-04-25
761,ACDI50c2e82ddd503,IN50c2e82ddd503,TikTok.com,788,0,0,User,2022-04-16,User,2022-04-26
762,ACDI50c2e82ddd503,IN50c2e82ddd503,TikTok.com,788,0,0,User,2022-04-16,User,2022-04-26
763,ACDI50c2e82ddd502,IN50c2e82ddd502,Twitter.com,5514,1,1,User,2020-04-19,User,2020-04-25
764,ACDI50c2e82ddd502,IN50c2e82ddd502,Twitter.com,5514,1,1,User,2020-04-19,User,2020-04-25
765,ACDI50c2e82ddd501,IN50c2e82ddd501,Facebook.com,17591,1,1,User,2020-08-06,User,2020-08-14
766,ACDI50c2e82ddd500,IN50c2e82ddd500,Snapchat.com,18496,1,0,User,2022-03-04,User,2022-03-05
767,ACDI50c2e82ddd503,IN50c2e82ddd503,TikTok.com,788,0,0,User,2022-04-16,User,2022-04-26
768,ACDI50c2e82ddd503,IN50c2e82ddd503,TikTok.com,788,0,0,User,2022-04-16,User,2022-04-26
769,ACDI50c2e82ddd500,IN50c2e82ddd500,Snapchat.com,18496,1,0,User,2022-03-04,User,2022-03-05
770,ACDI50c2e82ddd500,IN50c2e82ddd500,Snapchat.com,18496,1,0,User,2022-03-04,User,2022-03-05
771,ACDI50c2e82ddd503,IN50c2e82ddd503,TikTok.com,788,0,0,User,2022-04-16,User,2022-04-26
772,ACDI50c2e82ddd501,IN50c2e82ddd501,Facebook.com,17591,1,1,User,2020-08-06,User,2020-08-14
773,ACDI50c2e82ddd501,IN50c2e82ddd501,Facebook.com,17591,1,1,User,2020-08-06,User,2020-08-14
774,ACDI50c2e82ddd500,IN50c2e82ddd500,Snapchat.com,18496,1,0,User,2022-03-04,User,2022-03-05
775,ACDI50c2e82ddd501,IN50c2e82ddd501,Facebook.com,17591,1,1,User,2020-08-06,User,2020-08-14
776,ACDI50c2e82ddd502,IN50c2e82ddd502,Twitter.com,5514,1,1,User,2020-04-19,User,2020-04-25
777,ACDI50c2e82ddd503,IN50c2e82ddd503,TikTok.com,788,0,0,User,2022-04-16,User,2022-04-26
778,ACDI50c2e82ddd503,IN50c2e82ddd503,TikTok.com,788,0,0,User,2022-04-16,User,2022-04-26
779,ACDI50c2e82ddd502,IN50c2e82ddd502,Twitter.com,5514,1,1,User,2020-04-19,User,2020-04-25
780,ACDI50c2e82ddd500,IN50c2e82ddd500,Snapchat.com,18496,1,0,User,2022-03-04,User,2022-03-05
781,ACDI50c2e82ddd502,IN50c2e82ddd502,Twitter.com,5514,1,1,User,2020-04-19,User,2020-04-25
782,ACDI50c2e82ddd500,IN50c2e82ddd500,Snapchat.com,18496,1,0,User,2022-03-04,User,2022-03-05
783,ACDI50c2e82ddd500,IN50c2e82ddd500,Snapchat.com,18496,1,0,User,2022-03-04,User,2022-03-05
784,ACDI50c2e82ddd503,IN50c2e82ddd503,TikTok.com,788,0,0,User,2022-04-16,User,2022-04-26
785,ACDI50c2e82ddd501,IN50c2e82ddd501,Facebook.com,17591,1,1,User,2020-08-06,User,2020-08-14
786,ACDI50c2e82ddd502,IN50c2e82ddd502,Twitter.com,5514,1,1,User,2020-04-19,User,2020-04-25
787,ACDI50c2e82ddd503,IN50c2e82ddd503,TikTok.com,788,0,0,User,2022-04-16,User,2022-04-26
788,ACDI50c2e82ddd500,IN50c2e82ddd500,Snapchat.com,18496,1,0,User,2022-03-04,User,2022-03-05
789,ACDI50c2e82ddd502,IN50c2e82ddd502,Twitter.com,5514,1,1,User,2020-04-19,User,2020-04-25
790,ACDI50c2e82ddd500,IN50c2e82ddd500,Snapchat.com,18496,1,0,User,2022-03-04,User,2022-03-05
791,ACDI50c2e82ddd501,IN50c2e82ddd501,Facebook.com,17591,1,1,User,2020-08-06,User,2020-08-14
792,ACDI50c2e82ddd501,IN50c2e82ddd501,Facebook.com,17591,1,1,User,2020-08-06,User,2020-08-14
793,ACDI50c2e82ddd502,IN50c2e82ddd502,Twitter.com,5514,1,1,User,2020-04-19,User,2020-04-25
794,ACDI50c2e82ddd503,IN50c2e82ddd503,TikTok.com,788,0,0,User,2022-04-16,User,2022-04-26
795,ACDI50c2e82ddd503,IN50c2e82ddd503,TikTok.com,788,0,0,User,2022-04-16,User,2022-04-26
796,ACDI50c2e82ddd503,IN50c2e82ddd503,TikTok.com,788,0,0,User,2022-04-16,User,2022-04-26
797,ACDI50c2e82ddd502,IN50c2e82ddd502,Twitter.com,5514,1,1,User,2020-04-19,User,2020-04-25
798,ACDI50c2e82ddd500,IN50c2e82ddd500,Snapchat.com,18496,1,0,User,2022-03-04,User,2022-03-05
799,ACDI50c2e82ddd500,IN50c2e82ddd500,Snapchat.com,18496,1,0,User,2022-03-04,User,2022-03-05
800,ACDI50c2e82ddd502,IN50c2e82ddd502,Twitter.com,5514,1,1,User,2020-04-19,User,2020-04-25
801,ACDI50c2e82ddd503,IN50c2e82ddd503,TikTok.com,788,0,0,User,2022-04-16,User,2022-04-26
802,ACDI50c2e82ddd502,IN50c2e82ddd502,Twitter.com,5514,1,1,User,2020-04-19,User,2020-04-25
803,ACDI50c2e82ddd503,IN50c2e82ddd503,TikTok.com,788,0,0,User,2022-04-16,User,2022-04-26
804,ACDI50c2e82ddd501,IN50c2e82ddd501,Facebook.com,17591,1,1,User,2020-08-06,User,2020-08-14
805,ACDI50c2e82ddd503,IN50c2e82ddd503,TikTok.com,788,0,0,User,2022-04-16,User,2022-04-26
806,ACDI50c2e82ddd503,IN50c2e82ddd503,TikTok.com,788,0,0,User,2022-04-16,User,2022-04-26
807,ACDI50c2e82ddd500,IN50c2e82ddd500,Snapchat.com,18496,1,0,User,2022-03-04,User,2022-03-05
808,ACDI50c2e82ddd502,IN50c2e82ddd502,Twitter.com,5514,1,1,User,2020-04-19,User,2020-04-25
809,ACDI50c2e82ddd501,IN50c2e82ddd501,Facebook.com,17591,1,1,User,2020-08-06,User,2020-08-14
810,ACDI50c2e82ddd501,IN50c2e82ddd501,Facebook.com,17591,1,1,User,2020-08-06,User,2020-08-14
811,ACDI50c2e82ddd503,IN50c2e82ddd503,TikTok.com,788,0,0,User,2022-04-16,User,2022-04-26
812,ACDI50c2e82ddd502,IN50c2e82ddd502,Twitter.com,5514,1,1,User,2020-04-19,User,2020-04-25
813,ACDI50c2e82ddd501,IN50c2e82ddd501,Facebook.com,17591,1,1,User,2020-08-06,User,2020-08-14
814,ACDI50c2e82ddd500,IN50c2e82ddd500,Snapchat.com,18496,1,0,User,2022-03-04,User,2022-03-05
815,ACDI50c2e82ddd503,IN50c2e82ddd503,TikTok.com,788,0,0,User,2022-04-16,User,2022-04-26
816,ACDI50c2e82ddd501,IN50c2e82ddd501,Facebook.com,17591,1,1,User,2020-08-06,User,2020-08-14
817,ACDI50c2e82ddd503,IN50c2e82ddd503,TikTok.com,788,0,0,User,2022-04-16,User,2022-04-26
818,ACDI50c2e82ddd500,IN50c2e82ddd500,Snapchat.com,18496,1,0,User,2022-03-04,User,2022-03-05
819,ACDI50c2e82ddd500,IN50c2e82ddd500,Snapchat.com,18496,1,0,User,2022-03-04,User,2022-03-05
820,ACDI50c2e82ddd501,IN50c2e82ddd501,Facebook.com,17591,1,1,User,2020-08-06,User,2020-08-14
821,ACDI50c2e82ddd503,IN50c2e82ddd503,TikTok.com,788,0,0,User,2022-04-16,User,2022-04-26
822,ACDI50c2e82ddd501,IN50c2e82ddd501,Facebook.com,17591,1,1,User,2020-08-06,User,2020-08-14
823,ACDI50c2e82ddd503,IN50c2e82ddd503,TikTok.com,788,0,0,User,2022-04-16,User,2022-04-26
824,ACDI50c2e82ddd503,IN50c2e82ddd503,TikTok.com,788,0,0,User,2022-04-16,User,2022-04-26
825,ACDI50c2e82ddd503,IN50c2e82ddd503,TikTok.com,788,0,0,User,2022-04-16,User,2022-04-26
826,ACDI50c2e82ddd500,IN50c2e82ddd500,Snapchat.com,18496,1,0,User,2022-03-04,User,2022-03-05
827,ACDI50c2e82ddd502,IN50c2e82ddd502,Twitter.com,5514,1,1,User,2020-04-19,User,2020-04-25
828,ACDI50c2e82ddd501,IN50c2e82ddd501,Facebook.com,17591,1,1,User,2020-08-06,User,2020-08-14
829,ACDI50c2e82ddd501,IN50c2e82ddd501,Facebook.com,17591,1,1,User,2020-08-06,User,2020-08-14
830,ACDI50c2e82ddd502,IN50c2e82ddd502,Twitter.com,5514,1,1,User,2020-04-19,User,2020-04-25
831,ACDI50c2e82ddd500,IN50c2e82ddd500,Snapchat.com,18496,1,0,User,2022-03-04,User,2022-03-05
832,ACDI50c2e82ddd502,IN50c2e82ddd502,Twitter.com,5514,1,1,User,2020-04-19,User,2020-04-25
833,ACDI50c2e82ddd503,IN50c2e82ddd503,TikTok.com,788,0,0,User,2022-04-16,User,2022-04-26
834,ACDI50c2e82ddd501,IN50c2e82ddd501,Facebook.com,17591,1,1,User,2020-08-06,User,2020-08-14
835,ACDI50c2e82ddd502,IN50c2e82ddd502,Twitter.com,5514,1,1,User,2020-04-19,User,2020-04-25
836,ACDI50c2e82ddd501,IN50c2e82ddd501,Facebook.com,17591,1,1,User,2020-08-06,User,2020-08-14
837,ACDI50c2e82ddd503,IN50c2e82ddd503,TikTok.com,788,0,0,User,2022-04-16,User,2022-04-26
838,ACDI50c2e82ddd503,IN50c2e82ddd503,TikTok.com,788,0,0,User,2022-04-16,User,2022-04-26
839,ACDI50c2e82ddd502,IN50c2e82ddd502,Twitter.com,5514,1,1,User,2020-04-19,User,2020-04-25
840,ACDI50c2e82ddd503,IN50c2e82ddd503,TikTok.com,788,0,0,User,2022-04-16,User,2022-04-26
841,ACDI50c2e82ddd500,IN50c2e82ddd500,Snapchat.com,18496,1,0,User,2022-03-04,User,2022-03-05
842,ACDI50c2e82ddd503,IN50c2e82ddd503,TikTok.com,788,0,0,User,2022-04-16,User,2022-04-26
843,ACDI50c2e82ddd500,IN50c2e82ddd500,Snapchat.com,18496,1,0,User,2022-03-04,User,2022-03-05
844,ACDI50c2e82ddd501,IN50c2e82ddd501,Facebook.com,17591,1,1,User,2020-08-06,User,2020-08-14
845,ACDI50c2e82ddd500,IN50c2e82ddd500,Snapchat.com,18496,1,0,User,2022-03-04,User,2022-03-05
846,ACDI50c2e82ddd503,IN50c2e82ddd503,TikTok.com,788,0,0,User,2022-04-16,User,2022-04-26
847,ACDI50c2e82ddd503,IN50c2e82ddd503,TikTok.com,788,0,0,User,2022-04-16,User,2022-04-26
848,ACDI50c2e82ddd501,IN50c2e82ddd501,Facebook.com,17591,1,1,User,2020-08-06,User,2020-08-14
849,ACDI50c2e82ddd501,IN50c2e82ddd501,Facebook.com,17591,1,1,User,2020-08-06,User,2020-08-14
850,ACDI50c2e82ddd500,IN50c2e82ddd500,Snapchat.com,18496,1,0,User,2022-03-04,User,2022-03-05
851,ACDI50c2e82ddd501,IN50c2e82ddd501,Facebook.com,17591,1,1,User,2020-08-06,User,2020-08-14
852,ACDI50c2e82ddd501,IN50c2e82ddd501,Facebook.com,17591,1,1,User,2020-08-06,User,2020-08-14
853,ACDI50c2e82ddd503,IN50c2e82ddd503,TikTok.com,788,0,0,User,2022-04-16,User,2022-04-26
854,ACDI50c2e82ddd500,IN50c2e82ddd500,Snapchat.com,18496,1,0,User,2022-03-04,User,2022-03-05
855,ACDI50c2e82ddd503,IN50c2e82ddd503,TikTok.com,788,0,0,User,2022-04-16,User,2022-04-26
856,ACDI50c2e82ddd502,IN50c2e82ddd502,Twitter.com,5514,1,1,User,2020-04-19,User,2020-04-25
857,ACDI50c2e82ddd500,IN50c2e82ddd500,Snapchat.com,18496,1,0,User,2022-03-04,User,2022-03-05
858,ACDI50c2e82ddd503,IN50c2e82ddd503,TikTok.com,788,0,0,User,2022-04-16,User,2022-04-26
859,ACDI50c2e82ddd501,IN50c2e82ddd501,Facebook.com,17591,1,1,User,2020-08-06,User,2020-08-14
860,ACDI50c2e82ddd502,IN50c2e82ddd502,Twitter.com,5514,1,1,User,2020-04-19,User,2020-04-25
861,ACDI50c2e82ddd501,IN50c2e82ddd501,Facebook.com,17591,1,1,User,2020-08-06,User,2020-08-14
862,ACDI50c2e82ddd502,IN50c2e82ddd502,Twitter.com,5514,1,1,User,2020-04-19,User,2020-04-25
863,ACDI50c2e82ddd501,IN50c2e82ddd501,Facebook.com,17591,1,1,User,2020-08-06,User,2020-08-14
864,ACDI50c2e82ddd501,IN50c2e82ddd501,Facebook.com,17591,1,1,User,2020-08-06,User,2020-08-14
865,ACDI50c2e82ddd502,IN50c2e82ddd502,Twitter.com,5514,1,1,User,2020-04-19,User,2020-04-25
866,ACDI50c2e82ddd503,IN50c2e82ddd503,TikTok.com,788,0,0,User,2022-04-16,User,2022-04-26
867,ACDI50c2e82ddd503,IN50c2e82ddd503,TikTok.com,788,0,0,User,2022-04-16,User,2022-04-26
868,ACDI50c2e82ddd503,IN50c2e82ddd503,TikTok.com,788,0,0,User,2022-04-16,User,2022-04-26
869,ACDI50c2e82ddd502,IN50c2e82ddd502,Twitter.com,5514,1,1,User,2020-04-19,User,2020-04-25
870,ACDI50c2e82ddd500,IN50c2e82ddd500,Snapchat.com,18496,1,0,User,2022-03-04,User,2022-03-05
871,ACDI50c2e82ddd503,IN50c2e82ddd503,TikTok.com,788,0,0,User,2022-04-16,User,2022-04-26
872,ACDI50c2e82ddd501,IN50c2e82ddd501,Facebook.com,17591,1,1,User,2020-08-06,User,2020-08-14
873,ACDI50c2e82ddd503,IN50c2e82ddd503,TikTok.com,788,0,0,User,2022-04-16,User,2022-04-26
874,ACDI50c2e82ddd503,IN50c2e82ddd503,TikTok.com,788,0,0,User,2022-04-16,User,2022-04-26
875,ACDI50c2e82ddd501,IN50c2e82ddd501,Facebook.com,17591,1,1,User,2020-08-06,User,2020-08-14
876,ACDI50c2e82ddd501,IN50c2e82ddd501,Facebook.com,17591,1,1,User,2020-08-06,User,2020-08-14
877,ACDI50c2e82ddd500,IN50c2e82ddd500,Snapchat.com,18496,1,0,User,2022-03-04,User,2022-03-05
878,ACDI50c2e82ddd501,IN50c2e82ddd501,Facebook.com,17591,1,1,User,2020-08-06,User,2020-08-14
879,ACDI50c2e82ddd502,IN50c2e82ddd502,Twitter.com,5514,1,1,User,2020-04-19,User,2020-04-25
880,ACDI50c2e82ddd501,IN50c2e82ddd501,Facebook.com,17591,1,1,User,2020-08-06,User,2020-08-14
881,ACDI50c2e82ddd500,IN50c2e82ddd500,Snapchat.com,18496,1,0,User,2022-03-04,User,2022-03-05
882,ACDI50c2e82ddd502,IN50c2e82ddd502,Twitter.com,5514,1,1,User,2020-04-19,User,2020-04-25
883,ACDI50c2e82ddd500,IN50c2e82ddd500,Snapchat.com,18496,1,0,User,2022-03-04,User,2022-03-05
884,ACDI50c2e82ddd502,IN50c2e82ddd502,Twitter.com,5514,1,1,User,2020-04-19,User,2020-04-25
885,ACDI50c2e82ddd503,IN50c2e82ddd503,TikTok.com,788,0,0,User,2022-04-16,User,2022-04-26
886,ACDI50c2e82ddd501,IN50c2e82ddd501,Facebook.com,17591,1,1,User,2020-08-06,User,2020-08-14
887,ACDI50c2e82ddd503,IN50c2e82ddd503,TikTok.com,788,0,0,User,2022-04-16,User,2022-04-26
888,ACDI50c2e82ddd502,IN50c2e82ddd502,Twitter.com,5514,1,1,User,2020-04-19,User,2020-04-25
889,ACDI50c2e82ddd500,IN50c2e82ddd500,Snapchat.com,18496,1,0,User,2022-03-04,User,2022-03-05
890,ACDI50c2e82ddd503,IN50c2e82ddd503,TikTok.com,788,0,0,User,2022-04-16,User,2022-04-26
891,ACDI50c2e82ddd500,IN50c2e82ddd500,Snapchat.com,18496,1,0,User,2022-03-04,User,2022-03-05
892,ACDI50c2e82ddd500,IN50c2e82ddd500,Snapchat.com,18496,1,0,User,2022-03-04,User,2022-03-05
893,ACDI50c2e82ddd501,IN50c2e82ddd501,Facebook.com,17591,1,1,User,2020-08-06,User,2020-08-14
894,ACDI50c2e82ddd503,IN50c2e82ddd503,TikTok.com,788,0,0,User,2022-04-16,User,2022-04-26
895,ACDI50c2e82ddd502,IN50c2e82ddd502,Twitter.com,5514,1,1,User,2020-04-19,User,2020-04-25
896,ACDI50c2e82ddd502,IN50c2e82ddd502,Twitter.com,5514,1,1,User,2020-04-19,User,2020-04-25
897,ACDI50c2e82ddd502,IN50c2e82ddd502,Twitter.com,5514,1,1,User,2020-04-19,User,2020-04-25
898,ACDI50c2e82ddd501,IN50c2e82ddd501,Facebook.com,17591,1,1,User,2020-08-06,User,2020-08-14
899,ACDI50c2e82ddd501,IN50c2e82ddd501,Facebook.com,17591,1,1,User,2020-08-06,User,2020-08-14
900,ACDI50c2e82ddd502,IN50c2e82ddd502,Twitter.com,5514,1,1,User,2020-04-19,User,2020-04-25
901,ACDI50c2e82ddd501,IN50c2e82ddd501,Facebook.com,17591,1,1,User,2020-08-06,User,2020-08-14
902,ACDI50c2e82ddd502,IN50c2e82ddd502,Twitter.com,5514,1,1,User,2020-04-19,User,2020-04-25
903,ACDI50c2e82ddd503,IN50c2e82ddd503,TikTok.com,788,0,0,User,2022-04-16,User,2022-04-26
904,ACDI50c2e82ddd501,IN50c2e82ddd501,Facebook.com,17591,1,1,User,2020-08-06,User,2020-08-14
905,ACDI50c2e82ddd502,IN50c2e82ddd502,Twitter.com,5514,1,1,User,2020-04-19,User,2020-04-25
906,ACDI50c2e82ddd500,IN50c2e82ddd500,Snapchat.com,18496,1,0,User,2022-03-04,User,2022-03-05
907,ACDI50c2e82ddd503,IN50c2e82ddd503,TikTok.com,788,0,0,User,2022-04-16,User,2022-04-26
908,ACDI50c2e82ddd500,IN50c2e82ddd500,Snapchat.com,18496,1,0,User,2022-03-04,User,2022-03-05
909,ACDI50c2e82ddd503,IN50c2e82ddd503,TikTok.com,788,0,0,User,2022-04-16,User,2022-04-26
910,ACDI50c2e82ddd500,IN50c2e82ddd500,Snapchat.com,18496,1,0,User,2022-03-04,User,2022-03-05
911,ACDI50c2e82ddd500,IN50c2e82ddd500,Snapchat.com,18496,1,0,User,2022-03-04,User,2022-03-05
912,ACDI50c2e82ddd502,IN50c2e82ddd502,Twitter.com,5514,1,1,User,2020-04-19,User,2020-04-25
913,ACDI50c2e82ddd503,IN50c2e82ddd503,TikTok.com,788,0,0,User,2022-04-16,User,2022-04-26
914,ACDI50c2e82ddd503,IN50c2e82ddd503,TikTok.com,788,0,0,User,2022-04-16,User,2022-04-26
915,ACDI50c2e82ddd501,IN50c2e82ddd501,Facebook.com,17591,1,1,User,2020-08-06,User,2020-08-14
916,ACDI50c2e82ddd502,IN50c2e82ddd502,Twitter.com,5514,1,1,User,2020-04-19,User,2020-04-25
917,ACDI50c2e82ddd503,IN50c2e82ddd503,TikTok.com,788,0,0,User,2022-04-16,User,2022-04-26
918,ACDI50c2e82ddd500,IN50c2e82ddd500,Snapchat.com,18496,1,0,User,2022-03-04,User,2022-03-05
919,ACDI50c2e82ddd500,IN50c2e82ddd500,Snapchat.com,18496,1,0,User,2022-03-04,User,2022-03-05
920,ACDI50c2e82ddd501,IN50c2e82ddd501,Facebook.com,17591,1,1,User,2020-08-06,User,2020-08-14
921,ACDI50c2e82ddd501,IN50c2e82ddd501,Facebook.com,17591,1,1,User,2020-08-06,User,2020-08-14
922,ACDI50c2e82ddd503,IN50c2e82ddd503,TikTok.com,788,0,0,User,2022-04-16,User,2022-04-26
923,ACDI50c2e82ddd502,IN50c2e82ddd502,Twitter.com,5514,1,1,User,2020-04-19,User,2020-04-25
924,ACDI50c2e82ddd500,IN50c2e82ddd500,Snapchat.com,18496,1,0,User,2022-03-04,User,2022-03-05
925,ACDI50c2e82ddd501,IN50c2e82ddd501,Facebook.com,17591,1,1,User,2020-08-06,User,2020-08-14
926,ACDI50c2e82ddd502,IN50c2e82ddd502,Twitter.com,5514,1,1,User,2020-04-19,User,2020-04-25
927,ACDI50c2e82ddd502,IN50c2e82ddd502,Twitter.com,5514,1,1,User,2020-04-19,User,2020-04-25
928,ACDI50c2e82ddd500,IN50c2e82ddd500,Snapchat.com,18496,1,0,User,2022-03-04,User,2022-03-05
929,ACDI50c2e82ddd503,IN50c2e82ddd503,TikTok.com,788,0,0,User,2022-04-16,User,2022-04-26
930,ACDI50c2e82ddd502,IN50c2e82ddd502,Twitter.com,5514,1,1,User,2020-04-19,User,2020-04-25
931,ACDI50c2e82ddd503,IN50c2e82ddd503,TikTok.com,788,0,0,User,2022-04-16,User,2022-04-26
932,ACDI50c2e82ddd501,IN50c2e82ddd501,Facebook.com,17591,1,1,User,2020-08-06,User,2020-08-14
933,ACDI50c2e82ddd502,IN50c2e82ddd502,Twitter.com,5514,1,1,User,2020-04-19,User,2020-04-25
934,ACDI50c2e82ddd502,IN50c2e82ddd502,Twitter.com,5514,1,1,User,2020-04-19,User,2020-04-25
935,ACDI50c2e82ddd500,IN50c2e82ddd500,Snapchat.com,18496,1,0,User,2022-03-04,User,2022-03-05
936,ACDI50c2e82ddd500,IN50c2e82ddd500,Snapchat.com,18496,1,0,User,2022-03-04,User,2022-03-05
937,ACDI50c2e82ddd503,IN50c2e82ddd503,TikTok.com,788,0,0,User,2022-04-16,User,2022-04-26
938,ACDI50c2e82ddd502,IN50c2e82ddd502,Twitter.com,5514,1,1,User,2020-04-19,User,2020-04-25
939,ACDI50c2e82ddd501,IN50c2e82ddd501,Facebook.com,17591,1,1,User,2020-08-06,User,2020-08-14
940,ACDI50c2e82ddd502,IN50c2e82ddd502,Twitter.com,5514,1,1,User,2020-04-19,User,2020-04-25
941,ACDI50c2e82ddd503,IN50c2e82ddd503,TikTok.com,788,0,0,User,2022-04-16,User,2022-04-26
942,ACDI50c2e82ddd503,IN50c2e82ddd503,TikTok.com,788,0,0,User,2022-04-16,User,2022-04-26
943,ACDI50c2e82ddd503,IN50c2e82ddd503,TikTok.com,788,0,0,User,2022-04-16,User,2022-04-26
944,ACDI50c2e82ddd501,IN50c2e82ddd501,Facebook.com,17591,1,1,User,2020-08-06,User,2020-08-14
945,ACDI50c2e82ddd502,IN50c2e82ddd502,Twitter.com,5514,1,1,User,2020-04-19,User,2020-04-25
946,ACDI50c2e82ddd500,IN50c2e82ddd500,Snapchat.com,18496,1,0,User,2022-03-04,User,2022-03-05
947,ACDI50c2e82ddd500,IN50c2e82ddd500,Snapchat.com,18496,1,0,User,2022-03-04,User,2022-03-05
948,ACDI50c2e82ddd501,IN50c2e82ddd501,Facebook.com,17591,1,1,User,2020-08-06,User,2020-08-14
949,ACDI50c2e82ddd503,IN50c2e82ddd503,TikTok.com,788,0,0,User,2022-04-16,User,2022-04-26
950,ACDI50c2e82ddd501,IN50c2e82ddd501,Facebook.com,17591,1,1,User,2020-08-06,User,2020-08-14
951,ACDI50c2e82ddd503,IN50c2e82ddd503,TikTok.com,788,0,0,User,2022-04-16,User,2022-04-26
952,ACDI50c2e82ddd502,IN50c2e82ddd502,Twitter.com,5514,1,1,User,2020-04-19,User,2020-04-25
953,ACDI50c2e82ddd503,IN50c2e82ddd503,TikTok.com,788,0,0,User,2022-04-16,User,2022-04-26
954,ACDI50c2e82ddd502,IN50c2e82ddd502,Twitter.com,5514,1,1,User,2020-04-19,User,2020-04-25
955,ACDI50c2e82ddd501,IN50c2e82ddd501,Facebook.com,17591,1,1,User,2020-08-06,User,2020-08-14
956,ACDI50c2e82ddd501,IN50c2e82ddd501,Facebook.com,17591,1,1,User,2020-08-06,User,2020-08-14
957,ACDI50c2e82ddd502,IN50c2e82ddd502,Twitter.com,5514,1,1,User,2020-04-19,User,2020-04-25
958,ACDI50c2e82ddd500,IN50c2e82ddd500,Snapchat.com,18496,1,0,User,2022-03-04,User,2022-03-05
959,ACDI50c2e82ddd500,IN50c2e82ddd500,Snapchat.com,18496,1,0,User,2022-03-04,User,2022-03-05
960,ACDI50c2e82ddd501,IN50c2e82ddd501,Facebook.com,17591,1,1,User,2020-08-06,User,2020-08-14
961,ACDI50c2e82ddd500,IN50c2e82ddd500,Snapchat.com,18496,1,0,User,2022-03-04,User,2022-03-05
962,ACDI50c2e82ddd503,IN50c2e82ddd503,TikTok.com,788,0,0,User,2022-04-16,User,2022-04-26
963,ACDI50c2e82ddd502,IN50c2e82ddd502,Twitter.com,5514,1,1,User,2020-04-19,User,2020-04-25
964,ACDI50c2e82ddd502,IN50c2e82ddd502,Twitter.com,5514,1,1,User,2020-04-19,User,2020-04-25
965,ACDI50c2e82ddd502,IN50c2e82ddd502,Twitter.com,5514,1,1,User,2020-04-19,User,2020-04-25
966,ACDI50c2e82ddd503,IN50c2e82ddd503,TikTok.com,788,0,0,User,2022-04-16,User,2022-04-26
967,ACDI50c2e82ddd500,IN50c2e82ddd500,Snapchat.com,18496,1,0,User,2022-03-04,User,2022-03-05
968,ACDI50c2e82ddd503,IN50c2e82ddd503,TikTok.com,788,0,0,User,2022-04-16,User,2022-04-26
969,ACDI50c2e82ddd501,IN50c2e82ddd501,Facebook.com,17591,1,1,User,2020-08-06,User,2020-08-14
970,ACDI50c2e82ddd503,IN50c2e82ddd503,TikTok.com,788,0,0,User,2022-04-16,User,2022-04-26
971,ACDI50c2e82ddd503,IN50c2e82ddd503,TikTok.com,788,0,0,User,2022-04-16,User,2022-04-26
972,ACDI50c2e82ddd501,IN50c2e82ddd501,Facebook.com,17591,1,1,User,2020-08-06,User,2020-08-14
973,ACDI50c2e82ddd501,IN50c2e82ddd501,Facebook.com,17591,1,1,User,2020-08-06,User,2020-08-14
974,ACDI50c2e82ddd503,IN50c2e82ddd503,TikTok.com,788,0,0,User,2022-04-16,User,2022-04-26
975,ACDI50c2e82ddd502,IN50c2e82ddd502,Twitter.com,5514,1,1,User,2020-04-19,User,2020-04-25
976,ACDI50c2e82ddd502,IN50c2e82ddd502,Twitter.com,5514,1,1,User,2020-04-19,User,2020-04-25
977,ACDI50c2e82ddd501,IN50c2e82ddd501,Facebook.com,17591,1,1,User,2020-08-06,User,2020-08-14
978,ACDI50c2e82ddd501,IN50c2e82ddd501,Facebook.com,17591,1,1,User,2020-08-06,User,2020-08-14
979,ACDI50c2e82ddd503,IN50c2e82ddd503,TikTok.com,788,0,0,User,2022-04-16,User,2022-04-26
980,ACDI50c2e82ddd500,IN50c2e82ddd500,Snapchat.com,18496,1,0,User,2022-03-04,User,2022-03-05
981,ACDI50c2e82ddd502,IN50c2e82ddd502,Twitter.com,5514,1,1,User,2020-04-19,User,2020-04-25
982,ACDI50c2e82ddd503,IN50c2e82ddd503,TikTok.com,788,0,0,User,2022-04-16,User,2022-04-26
983,ACDI50c2e82ddd502,IN50c2e82ddd502,Twitter.com,5514,1,1,User,2020-04-19,User,2020-04-25
984,ACDI50c2e82ddd503,IN50c2e82ddd503,TikTok.com,788,0,0,User,2022-04-16,User,2022-04-26
985,ACDI50c2e82ddd503,IN50c2e82ddd503,TikTok.com,788,0,0,User,2022-04-16,User,2022-04-26
986,ACDI50c2e82ddd501,IN50c2e82ddd501,Facebook.com,17591,1,1,User,2020-08-06,User,2020-08-14
987,ACDI50c2e82ddd500,IN50c2e82ddd500,Snapchat.com,18496,1,0,User,2022-03-04,User,2022-03-05
988,ACDI50c2e82ddd501,IN50c2e82ddd501,Facebook.com,17591,1,1,User,2020-08-06,User,2020-08-14
989,ACDI50c2e82ddd501,IN50c2e82ddd501,Facebook.com,17591,1,1,User,2020-08-06,User,2020-08-14
990,ACDI50c2e82ddd503,IN50c2e82ddd503,TikTok.com,788,0,0,User,2022-04-16,User,2022-04-26
991,ACDI50c2e82ddd503,IN50c2e82ddd503,TikTok.com,788,0,0,User,2022-04-16,User,2022-04-26
992,ACDI50c2e82ddd502,IN50c2e82ddd502,Twitter.com,5514,1,1,User,2020-04-19,User,2020-04-25
993,ACDI50c2e82ddd502,IN50c2e82ddd502,Twitter.com,5514,1,1,User,2020-04-19,User,2020-04-25
994,ACDI50c2e82ddd502,IN50c2e82ddd502,Twitter.com,5514,1,1,User,2020-04-19,User,2020-04-25
995,ACDI50c2e82ddd503,IN50c2e82ddd503,TikTok.com,788,0,0,User,2022-04-16,User,2022-04-26
996,ACDI50c2e82ddd501,IN50c2e82ddd501,Facebook.com,17591,1,1,User,2020-08-06,User,2020-08-14
997,ACDI50c2e82ddd501,IN50c2e82ddd501,Facebook.com,17591,1,1,User,2020-08-06,User,2020-08-14
998,ACDI50c2e82ddd502,IN50c2e82ddd502,Twitter.com,5514,1,1,User,2020-04-19,User,2020-04-25
999,ACDI50c2e82ddd503,IN50c2e82ddd503,TikTok.com,788,0,0,User,2022-04-16,User,2022-04-26
